item_id,Model,CPU,GPU,RAM,Storage,price,bench,cpu_bench,gpu_bench,value
LPMSI00429OB,Katana GF66,Intel Core i7-11800H,RTX3060,16.0,512GB,786.48999847412,47.621005669710655,20753.0,42.0,605.4877463426213
LPCOI00001OB,VOYAGER Gaming Notebook,AMD Ryzen 7 6800HS,Radeon 6800M,16.0,1TB,989.89,58.275161360498274,22947.0,54.6,588.7034050298344
LPGIG00147OB,G5 KF-E3US333SH,Intel i5-12500H,GeForce RTX 4060,8.0,512GB,899.1,51.274292670949364,21521.0,46.3,570.2846476582067
LPHEW02076OB,Victus Gaming Notebook,AMD Ryzen 5 7640HS,GeForce RTX 4050,16.0,512GB,899.1,49.92768241400994,23390.0,41.9,555.307334156489
LPGIG00135OB,AERO 16 XE4,Intel Core i7-12700H,GeForce RTX 3070 Ti,16.0,2TB,1079.1,59.75453191942719,26424.0,52.2,553.7441564213436
LPGIG00160OB,G5 Gaming Notebook,Intel i5-12450H,GeForce RTX 4050,16.0,512GB,809.1,44.58202542249596,17456.0,41.9,551.0076062599921
LPACE00912OB,Nitro 5,Intel Core i5-11400H,GTX 1650,8.0,256GB,526.39,28.57835247681497,15822.0,20.8,542.9121464468354
LPGIG00142OB,G5 KE-52US213SH,Intel i5-12500H,GeForce RTX 3060,16.0,512GB,899.89,48.31286016406231,21521.0,42.0,536.8751754554703
LPGIG00162OB,G5 KF,Intel i7-12650H,GeForce RTX 4060,16.0,512GB,989.1,52.85979255383858,23281.0,46.3,534.4231377397491
LPACE00980OB,Nitro 5,AMD Ryzen 7 5800H,GeForce RTX 3060,16.0,512GB,899.1,47.960626951443174,21130.0,42.0,533.4292843003357
LPASU00584OB,TUF Gaming Notebook,Ryzen 7 5800H,GeForce RTX 3060,16.0,512GB,899.89,47.960626951443174,21130.0,42.0,532.9609946931645
LPMSI00467OB,Crosshair 15,Intel Core i7-12700H,RTX3070Ti,16.0,512GB,1129.39,59.75453191942719,26424.0,52.2,529.0867806464302
LPGIG00147,G5,Intel i5-12500H,GeForce RTX 4060,8.0,512GB,999.0,51.274292670949364,21521.0,46.3,513.256182892386
LPMSI00530OB,Katana GF66,Intel i5-11400H,GeForce RTX 3050,8.0,512GB,651.48999847412,33.1926775456855,15822.0,27.5,509.4886740153702
LPHEW02076,Victus Gaming Notebook,AMD Ryzen 5 7640HS,GeForce RTX 4050,16.0,512GB,999.0,49.92768241400994,23390.0,41.9,499.77660074084014
LPHEW02095OB,Victus 15-fb1010ca,AMD Ryzen 5 7535HS,GeForce RTX 2050,8.0,512GB,629.1,31.21676990730752,18445.0,21.2,496.2131601860994
LPACE00877OB,Nitro 5,Intel i7-11800H,NVIDIA GeForce RTX3060,16.0,512GB,961.08999023437,47.621005669710655,20753.0,42.0,495.48956032824634
LPACE00967OB,Nitro 5,Intel i9-12900H,GeForce RTX 4060,16.0,1TB,1169.1,57.58296067087729,28524.0,46.3,492.54093465808995
LPLEN03269OB,IdeaPad 3,AMD Ryzen 7 5825U,Integrated Radeon ,8.0,256GB,522.39,25.718839112709713,18458.0,13.2,492.33023435957256
LPMSI00559OB,Thin GF63,Intel i7-12650H,GeForce RTX 4060,16.0,512GB,1079.1,52.85979255383858,23281.0,46.3,489.85073259047897
LPHEW02079,Victus 16,AMD Ryzen 7 7840HS,GeForce RTX 4060,16.0,1TB,1199.0,57.9099700217232,28887.0,46.3,482.9855714906022
LPMSI00572OB,Thin GF63,Intel i5-12450H,GeForce RTX 2050,8.0,512GB,629.1,30.325827075388524,17456.0,21.2,482.0509787853842
LPACE00968OB,Nitro 5,Intel i5-12450H,GeForce RTX 4060,16.0,512GB,989.1,47.612328452799,17456.0,46.3,481.37021992517435
LPGIG00162,G5 KF,Intel i7-12650H,GeForce RTX 4060,16.0,512GB,1099.0,52.85979255383858,23281.0,46.3,480.98082396577416
LPACE00980,Nitro 5,AMD Ryzen 7 5800H,GeForce RTX 3060,16.0,512GB,999.0,47.960626951443174,21130.0,42.0,480.08635587030204
LPHEW01865OB,Omen 16-b0020ca,Intel Core i7-11800H,NVIDIA GeForce RTX 3070,16.0,1TB,1091.5900007629,51.753237074669336,20753.0,48.0,474.1087499748035
LPGIG00133OB,A5 K1,AMD Ryzen 5 5600H,GeForce RTX 3060,16.0,512GB,936.79000152588,44.32388659506604,17093.0,42.0,473.14645249062835
LPLEN03269,IdeaPad 3,AMD Ryzen 7 5825U,Integrated Radeon ,8.0,256GB,549.88,25.718839112709713,18458.0,13.2,467.7173040065053
LPLEN03053OB,IdeaPad 5,AMD Ryzen 7 5825U,Integrated Radeon,8.0,512GB,552.78999023437,25.718839112709713,18458.0,13.2,465.255152355518
LPMSI00504OB,GP66 Leopard,Intel Core i7-11800H,NVIDIA RTX3070,16.0,512GB,1114.0900007629,51.753237074669336,20753.0,48.0,464.5337184538956
LPLEN03469OB,Legion Pro 5i,Intel i7-13700HX,GeForce RTX 4060,16.0,512GB,1349.1,62.615121094638184,34110.0,46.3,464.12512856451104
LPASU00809OB,ROG Strix G16,Intel i9-13980HX,GeForce RTX 4060,16.0,1TB,1619.1,75.12255312533922,47994.0,46.3,463.9772288638085
LPACE00816,Nitro,Intel i5-11400H,NVIDIA GeForce RTX 3050,8.0,512GB,715.88,33.1926775456855,15822.0,27.5,463.66259073707175
LPMSI00496OB,GF63 11UC-692,Intel i5-11400H,NVIDIA RTX3050,8.0,512GB,719.1,33.1926775456855,15822.0,27.5,461.58639334842854
LPLEN03430OB,IdeaPad Slim 3,AMD Ryzen 7 7730U,,8.0,512GB,569.89,26.048551020174177,18824.0,13.2,457.080331646005
LPLEN03434OB,,AMD Ryzen 7 7745HX,GeForce RTX 4060,16.0,512GB,1349.1,61.53319759500753,32909.0,46.3,456.1055340227376
LPHEW02087OB,Victus 15-fb0000ca,AMD Ryzen 5 5600H,GeForce RTX 3050 Ti,16.0,512GB,764.1,34.81975436366108,17093.0,28.2,455.6963010556351
LPASU00720OB,G17,AMD Ryzen 9 7945HX,NVIDIA RTX 4060,16.0,1TB,1799.1,81.8870523415978,55503.0,46.3,455.15564638762606
LPLEN03097OB,IdeaPad 3,AMD Ryzen 5 5625U,AMD Radeon ,12.0,512GB,474.89,21.572030281141828,15078.0,11.6,454.2532013969935
LPHEW02058,Victus 15-fa1000ca,Intel i5-13500H,GeForce RTX 4050,16.0,512GB,1099.0,49.83669634118504,23289.0,41.9,453.4731241236127
LPHEW01653OB,15-ef1013dx,AMD Ryzen 7 4700U,AMD Radeon ,8.0,512GB,445.43999923706,20.101839480644557,13446.0,11.6,451.28052072275847
LPHEW02095,Victus 15-fb1010ca,AMD Ryzen 5 7535HS,GeForce RTX 2050,8.0,512GB,699.0,31.21676990730752,18445.0,21.2,446.5918441674895
LPACE00877,Nitro 5,Intel i7-11800H,NVIDIA GeForce RTX3060,16.0,512GB,1067.8800048828,47.621005669710655,20753.0,42.0,445.93966973786604
LPACE00953,Nitro Gaming Notebook ,AMD Ryzen R5-7535HS,GeForce RTX 3050,8.0,512GB,799.0,35.55561288251413,18445.0,27.5,445.0014127974234
LPMSI00541OB,Thin GF63,Intel i7-12650H,GeForce RTX 3050,16.0,512GB,899.1,39.91213415163472,23281.0,27.5,443.9120693096955
LPACE00967,Nitro 5,Intel i9-12900H,GeForce RTX 4060,16.0,1TB,1299.0,57.58296067087729,28524.0,46.3,443.2868411922809
LPHEW02035OB,Omen 16-wd0010ca,Intel i7-13620H,GeForce RTX 4060,16.0,1TB,1259.1,55.74972643128664,26489.0,46.3,442.77441371842303
LPGIG00124OB,AERO 16 XE5,Intel Core i7-12700H,NVIDIA GeForce RTX 3070 Ti,32.0,2 TB,1349.89,59.75453191942719,26424.0,52.2,442.66223114051655
LPLEN03053,IdeaPad 5,AMD Ryzen 7 5825U,Integrated Radeon,8.0,512GB,581.88000488281,25.718839112709713,18458.0,13.2,441.9955815097901
LPASU00688OB,TUF Gaming F15,Intel Core i9-13900H,GeForce RTX 4050,16.0,512GB,1259.1,55.60034875636981,29687.0,41.9,441.5880291983942
LPMSI00560OB,Thin GF63,Intel i5-12450H,GeForce RTX 4060,16.0,512GB,1079.1,47.612328452799,17456.0,46.3,441.2225785636085
LPMSI00559,Thin GF63,Intel i7-12650H,GeForce RTX 4060,16.0,512GB,1199.0,52.85979255383858,23281.0,46.3,440.865659331431
LPASU00719,G713PU-DS91-CA,AMD Ryzen 9 7945HX,RTX 4050,16.0,1TB,1799.0,78.85674931129476,55503.0,41.9,438.3365720472193
LPACE00896OB,A715,AMD Ryzen 7 5700U,RTX3050,16.0,512GB,764.1,33.22150481628348,15854.0,27.5,434.7795421578782
LPASU00715OB,TUF F15,Intel i9-13900H,GeForce RTX 4060,16.0,1TB,1349.1,58.630651786672836,29687.0,46.3,434.5908515801115
LPLEN03430,IdeaPad Slim 3,AMD Ryzen 7 7730U,,8.0,512GB,599.88,26.048551020174177,18824.0,13.2,434.22936287547805
LPMSI00572,Thin GF63,Intel i5-12450H,GeForce RTX 2050,8.0,512GB,699.0,30.325827075388524,17456.0,21.2,433.8458809068458
LPACE00968,Nitro 5,Intel i5-12450H,GeForce RTX 4060,16.0,512GB,1099.0,47.612328452799,17456.0,46.3,433.23319793265694
LPASU00716OB,FX507ZC4-DS71-CA,Intel i7-12700H,NVIDIA RTX 3050,16.0,512GB,989.1,42.74351263568063,26424.0,27.5,432.14551244242875
LPMSI00564OB,Bravo 15,AMD Ryzen 7 7735HS,GeForce RTX 4060,32.0,1TB,1259.1,53.745330272520455,24264.0,46.3,426.85513678437337
LPLEN03438OB,Legion Pro 5,AMD Ryzen 7 7745HX,GeForce RTX 4070,16.0,512GB,1529.1,65.25220585947034,32909.0,51.7,426.73602680969424
LPASU00808OB,TUF Gaming F15,Intel i7-11800H,GeForce RTX 3050 Ti,16.0,1TB,899.1,38.116873438305696,20753.0,28.2,423.94476074191635
LPACE00956OB,Nitro 5,Intel i7-12650H,GeForce RTX 4060,16.0,512GB,1259.1,52.85979255383858,23281.0,46.3,419.82203600856633
LPMSI00539OB,Katana 15,Intel i7-12650H,GeForce RTX 4060,16.0,1TB,1259.1,52.85979255383858,23281.0,46.3,419.82203600856633
LPLEN03469,Legion Pro 5i,Intel i7-13700HX,GeForce RTX 4060,16.0,512GB,1499.0,62.615121094638184,34110.0,46.3,417.71261570805996
LPASU00809,G614JV-DB91-CA,Intel i9-13980HX,GeForce RTX 4060,16.0,1TB,1799.0,75.12255312533922,47994.0,46.3,417.5795059774276
LPASU00787,FX506HCB-DB59-CA,Intel i5-11400H,GeForce RTX 3050,8.0,512GB,799.0,33.1926775456855,15822.0,27.5,415.4277540135857
LPMSI00496,GF63,Intel i5-11400H,RTX3050,8.0,512GB,799.0,33.1926775456855,15822.0,27.5,415.4277540135857
LPASU00686OB,TUF Gaming Notebook,AMD Ryzen 7 7735HS,AMD Radeon RX 7600S,16.0,1TB,1349.1,55.53596388133588,24264.0,48.9,411.6519448620257
LPASU00666OB,Vivobook 16,AMD Ryzen 5 5600H,AMD Radeon ,8.0,512GB,569.05,23.38724747660874,17093.0,11.6,410.9875665865696
LPLEN03414OB,IdeaPad,Intel i3-1215U,Intel HD ,4.0,128GB,312.55,12.830763522126642,11032.0,4.2,410.5187497080993
LPLEN03434,Legion Pro 5,AMD Ryzen 7 7745HX,GeForce RTX 4060,16.0,512GB,1499.0,61.53319759500753,32909.0,46.3,410.4949806204638
LPHEW02087,Victus 15-fb0000ca,AMD Ryzen 5 5600H,GeForce RTX 3050 Ti,16.0,512GB,849.0,34.81975436366108,17093.0,28.2,410.1266709500716
LPASU00720,G713PV-DS91-CA,AMD Ryzen 9 7945HX,NVIDIA RTX 4060,16.0,1TB,1999.0,81.8870523415978,55503.0,46.3,409.64008174886345
LPACE00969,Nitro 5,Intel i5-11400H,GeForce GTX 1650,8.0,512GB,699.0,28.57835247681497,15822.0,20.8,408.8462443035046
LPLEN03433OB,Legion Pro 5,AMD Ryzen 7 7745HX,GeForce RTX 4070,16.0,1TB,1619.1,65.25220585947034,32909.0,51.7,403.0152915784716
LPCNO00060OB,ZenBook,AMD Ryzen 7 5700U,GeForce MX450,8.0,256GB,569.89,22.95979682730276,15854.0,12.6,402.88120211449154
LPLEN03565OB,,Ryzen 7 7745HX,GeForce RTX 4060,16.0,1TB,1529.1,61.53319759500753,32909.0,46.3,402.4144764567885
LPASU00785OB,FX706HF-DB51-CA,Intel i5-11400H,GeForce RTX 2050,8.0,512GB,719.1,28.85383457047888,15822.0,21.2,401.2492639476968
LPMSI00541,Thin GF63,Intel i7-12650H,GeForce RTX 3050,16.0,512GB,999.0,39.91213415163472,23281.0,27.5,399.52086237872595
LPHEW02035,Omen 16-wd0010ca,Intel i7-13620H,GeForce RTX 4060,16.0,1TB,1399.0,55.74972643128664,26489.0,46.3,398.4969723465807
LPASU00688,TUF Gaming F15,Intel Core i9-13900H,GeForce RTX 4050,16.0,512GB,1399.0,55.60034875636981,29687.0,41.9,397.4292262785547
LPMSI00560,Thin GF63,Intel i5-12450H,GeForce RTX 4060,16.0,512GB,1199.0,47.612328452799,17456.0,46.3,397.10032070724765
LPGIG00152OB,AORUS 15,Intel Core i7-13700H,GeForce RTX 4060,16.0,1TB,1439.1,57.01182037215471,27890.0,46.3,396.16302113928646
LPCNO00053OB,15Z-EF2000,AMD Ryzen 5 5500U,AMD Radeon Vega 7,8.0,256GB,501.49000038147,19.82978211437607,13144.0,11.6,395.41729843650097
LPMSI00562OB,Modern 15,AMD Ryzen 7 7730U,AMD Radeon ,16.0,512GB,664.05,26.048551020174177,18824.0,13.2,392.2679168763524
LPACE00896,A715,AMD Ryzen 7 5700U,RTX3050,16.0,512GB,849.0,33.22150481628348,15854.0,27.5,391.3015879420904
LPASU00715,TUF F15,Intel i9-13900H,GeForce RTX 4060,16.0,1TB,1499.0,58.630651786672836,29687.0,46.3,391.1317664221003
LPASU00666,Vivobook 16,AMD Ryzen 5 5600H,AMD Radeon ,8.0,512GB,599.0,23.38724747660874,17093.0,11.6,390.438188257241
LPASU00573OB,Vivobook 15,AMD Ryzen 5 5500U,AMD Radeon ,8.0,512GB,508.14,19.82978211437607,13144.0,11.6,390.24249447742886
LPLEN03414,IdeaPad,Intel i3-1215U,Intel HD ,4.0,128GB,329.0,12.830763522126642,11032.0,4.2,389.9928122226943
LPHEW01811OB,Pavilion 15-eh2010ca,AMD Ryzen 5 5625U,AMD Radeon ,8.0,512GB,553.74000610352,21.572030281141828,15078.0,11.6,389.5696544112256
LPASU00716,TUF F15,Intel i7-12700H,RTXÂ 3050,16.0,512GB,1099.0,42.74351263568063,26424.0,27.5,388.93096119818586
LPLEN03442OB,IdeaPad Flex 5,AMD Ryzen 3 5300U,,4.0,128GB,360.05,13.986839814927732,9716.0,7.6,388.4693741126991
LPHEW01773OB,15-eg1010ca, Intel Core i5-1155G7,Intel Iris Xe ,8.0,512GB,427.39,16.559234457284195,10278.0,10.6,387.4502084111513
LPLEN03435OB,Legion Pro 5,Intel i7-13700HX,GeForce RTX 4060,16.0,1TB,1619.1,62.615121094638184,34110.0,46.3,386.72794203346416
LPASU00627OB,TUF507RR-DS71-CA,AMD Ryzen 7 6800H,GeForce RTX 3070,16.0,512GB,1412.0600000763,54.36660932481797,23654.0,48.0,385.0162834573623
LPGIG00149OB,ASF-B3US754SH,Intel i9-13900HX,GeForce RTX 4070,16.0,1TB,1979.89,76.12369028373568,44977.0,51.7,384.48444248789417
LPMSI00564,Bravo 15,AMD Ryzen 7 7735HS,GeForce RTX 4060,32.0,1TB,1399.0,53.745330272520455,24264.0,46.3,384.16962310593607
LPLEN03438,Legion Pro 5,AMD Ryzen 7 7745HX,GeForce RTX 4070,16.0,512GB,1699.0,65.25220585947034,32909.0,51.7,384.0624241287248
LPHEW02100OB,15-fd0030ca,Intel i5-1340P,,16.0,512GB,664.05,25.501093455896886,20204.0,10.6,384.02369484070306
LPCNO00060,ZenBook,AMD Ryzen 7 5700U,GeForce MX450,8.0,256GB,599.88,22.95979682730276,15854.0,12.6,382.73982842073013
LPHEW02017OB,Pavilion,Intel i5-1240P,Intel Iris Xe,8.0,512GB,599.34000854492,22.903035693253422,17320.0,10.6,382.13760748022645
LPASU00556,G17,AMD Ryzen 7 4800H,NVIDIA GeForce RTX 3060,16.0,1TB,1196.88,45.729216036717844,18653.0,42.0,382.07018278121313
LPASU00808,TUF Gaming F15,Intel i7-11800H,GeForce RTX 3050 Ti,16.0,1TB,999.0,38.116873438305696,20753.0,28.2,381.5502846677247
LPHEW02072OB,ProBook 445 G9,AMD Ryzen 5 5625U,,8.0,256GB,569.05,21.572030281141828,15078.0,11.6,379.08848574188255
LPMSI00539,Katana 15,Intel i7-12650H,GeForce RTX 4060,16.0,1TB,1399.0,52.85979255383858,23281.0,46.3,377.83983240770965
LPACE00956,Nitro 5,Intel i7-12650H,GeForce RTX 4060,16.0,512GB,1399.0,52.85979255383858,23281.0,46.3,377.83983240770965
LPACE00940,Nitro,Intel i7-12700H,GeForce RTX 3060,16.0,512GB,1399.0,52.72973853099744,26424.0,42.0,376.91021108647203
LPCNO00053,15Z-EF2000,AMD Ryzen 5 5500U,AMD Radeon Vega 7,8.0,256GB,527.88,19.82978211437607,13144.0,11.6,375.6494300669862
LPMSI00562,Modern 15 Notebook,AMD Ryzen 7 7730U,AMD Radeon ,16.0,512GB,699.0,26.048551020174177,18824.0,13.2,372.6545210325347
LPLEN03086OB,Legion 5,Intel i7-12700H,GeForce RTX 3070,16.0,512GB,1529.89,56.86196993595611,26424.0,48.0,371.67358395672966
LPASU00573,Vivobook 15,AMD Ryzen 5 5500U,AMD Radeon ,8.0,512GB,534.88,19.82978211437607,13144.0,11.6,370.7332881090351
LPASU00686,TUF Gaming Notebook,AMD Ryzen 7 7735HS,AMD Radeon RX 7600S,16.0,1TB,1499.0,55.53596388133588,24264.0,48.9,370.48675037582314
LPMSI00540OB,Thin GF63,Intel i7-12650H,GeForce RTX 4050,16.0,512GB,1349.1,49.82948952353554,23281.0,41.9,369.3535655143099
LPLEN03442,IdeaPad Flex 5,AMD Ryzen 3 5300U,,4.0,128GB,379.0,13.986839814927732,9716.0,7.6,369.0459054070642
LPMSI00593OB,Katana 17,Intel i7-13620H,GeForce RTX 4070,16.0,1TB,1619.1,59.46873469574946,26489.0,51.7,367.295007694086
LPHEW02100,15-fd0030ca,Intel i5-1340P,,16.0,512GB,699.0,25.501093455896886,20204.0,10.6,364.82251009866786
LPASU00760OB,Vivobook 16X,Intel i9-13900H,Geforce RTX 4050,16.0,512GB,1529.1,55.60034875636981,29687.0,41.9,363.6148633599491
LPHEW02017,15-EG2002CA,Intel i5-1240P,Intel Iris Xe,8.0,512GB,630.88000488281,22.903035693253422,17320.0,10.6,363.03315235847117
LPLEN02719OB,T470,Intel Core i5-6300U,Intel HD  620,8.0,256 GB,262.69000019073,9.530331395979937,3240.0,9.6,362.79764700065846
LPLEN03433,Legion Pro 5,AMD Ryzen 7 7745HX,GeForce RTX 4070,16.0,1TB,1799.0,65.25220585947034,32909.0,51.7,362.71376242062445
LPLEN03565,Legion Pro 5 16ARX8,Ryzen 7 7745HX,GeForce RTX 4060,16.0,1TB,1699.0,61.53319759500753,32909.0,46.3,362.1730288111096
LPASU00785,TUF Gaming Notebook,Intel i5-11400H,GeForce RTX 2050,8.0,512GB,799.0,28.85383457047888,15822.0,21.2,361.12433755292716
LPASU00625OB,G15,AMD Ryzen 9 6900HX,GeForce RTX 3070 Ti,16.0,1TB,1619.89,58.36992207851769,24887.0,52.2,360.3326280088011
LPMSI00445OB,Modern 15,Intel Core i5-1155G7,Intel Iris Xe,8.0,256GB,459.69000305176,16.559234457284195,10278.0,10.6,360.22611645569464
LPHEW02072,ProBook 445 G9,AMD Ryzen 5 5625U,,8.0,256GB,599.0,21.572030281141828,15078.0,11.6,360.1340614547884
LPLEN03001OB,82RG006WCC (Open Box),AMD Ryzen 7 6800H,GeForce RTX 3060,16.0,1TB,1397.5899969482,50.2343779198593,23654.0,42.0,359.4357288586201
LPGIG00157OB,AERO 14 OLED,Intel i5-12500H,RTX 4050,16.0,1TB,1349.1,48.24398964064633,21521.0,41.9,357.60128708506664
LPLEN03000OB,IdeaPad Flex 5,AMD Ryzen 5 5500U,AMD Radeon ,8.0,512GB,554.69000305176,19.82978211437607,13144.0,11.6,357.4930502673164
LPGIG00152,AORUS 15,Intel Core i7-13700H,GeForce RTX 4060,16.0,1TB,1599.0,57.01182037215471,27890.0,46.3,356.5467190253578
LPCNO00033OB,F415EA-UB51,Intel Core i5-1135G7,Intel Iris Xe ,8.0,256GB,455.89,16.210604653489806,9891.0,10.6,355.58149232248576
LPMSI00565OB,Bravo 15,AMD Ryzen 7 7735HS,GeForce RTX 4050,16.0,1TB,1439.1,50.71502724221742,24264.0,41.9,352.40794414715737
LPASU00658OB,ZenBook 14,AMD Ryzen 5 5600H,AMD Radeon Vega 7,8.0,512GB,664.05,23.38724747660874,17093.0,11.6,352.191062067747
LPACE00946OB,,Intel i5-1135G7,Intel Iris,8.0,512GB,462.53999389648,16.210604653489806,9891.0,10.6,350.4692538461412
LPMSI00536OB,Katana GF66,Intel i7-12650H,GeForce RTX 3050 Ti,16.0,512GB,1159.0899978638,40.39422781554657,23281.0,28.2,348.49949434464133
LPLEN03352OB,ThinkBook 15 G3,AMD Ryzen 5 5500U,AMD Radeon ,8.0,256GB,569.05,19.82978211437607,13144.0,11.6,348.471700454724
LPLEN03435,Legion Pro 5,Intel i7-13700HX,GeForce RTX 4060,16.0,1TB,1799.0,62.615121094638184,34110.0,46.3,348.05514783011773
LPMSI00293OB,GF75 10UEK-003CA,Intel Core i7-10750H,RTX3060,16.0,512GB,1146.4900003815,39.74665653542962,12012.0,42.0,346.6812316043205
LPMSI00580OB,Pulse 17,Intel i9-13900H,GeForce RTX 4070,16.0,1TB,1799.1,62.34966005113564,29687.0,51.7,346.5602804242991
LPGIG00149,,Intel i9-13900HX,GeForce RTX 4070,16.0,1TB,2199.88,76.12369028373568,44977.0,51.7,346.03564868872706
LPACE00985OB,Swift 3 EVO,Intel i5-1240P,,16.0,512GB,664.05,22.903035693253422,17320.0,10.6,344.8992650139812
LPASU00685OB,VivoBook,Intel Core i3-1115G4,Intel UHD ,4.0,128GB,284.05,9.793998180129643,6132.0,6.2,344.7983869082782
LPACE00955,NH.QLZAA.005,Intel i5-12500H,GeForce RTX 4050,8.0,512GB,1399.99,48.24398964064633,21521.0,41.9,344.60238745024134
LPHEW01929OB,ProBook 440 G9,Intel Core i5-1235U,,8.0,256GB,569.05,19.503219467103484,13546.0,10.6,342.73296664798323
LPMSI00445,Modern 15 A11MU-863CA,Intel Core i5-1155G7,Intel Iris Xe,8.0,256GB,483.88,16.559234457284195,10278.0,10.6,342.2177907184466
LPACE00888OB,TravelMate P2,Intel Core i5-1135G7,Intel Iris Xe ,8.0,256GB,474.05,16.210604653489806,9891.0,10.6,341.9598070560026
LPCNO00048OB,VivoBook R,Intel Core i5-1135G7,Intel Iris Xe ,8.0,256GB,474.89,16.210604653489806,9891.0,10.6,341.35493805912535
LPHUA00040OB,MateBook D15,Intel i5-1135G7,Intel Iris Xe ,8.0,512GB,474.89,16.210604653489806,9891.0,10.6,341.35493805912535
LPLEN03000,IdeaPad Flex 5,AMD Ryzen 5 5500U,AMD Radeon ,8.0,512GB,583.88,19.82978211437607,13144.0,11.6,339.6208487082289
LPMSI00553OB,Vector GP68HX,Intel i9-12900HX,GeForce RTX 4080,32.0,1TB,2249.1,76.17004322452678,34937.0,64.9,338.66899303955705
LPLEN03437OB,Legion Pro 5,Intel i9-13900HX,GeForce RTX 4070,16.0,512GB,2249.1,76.12369028373568,44977.0,51.7,338.4628975311711
LPGIG00141OB,AORUS 17,Intel i7-12700H,GeForce RTX 3080 Ti,32.0,1TB,1799.1,60.78758977066686,26424.0,53.7,337.87777094473273
LPGIG00148OB,AORUS Gaming Notebook,Intel i7-13700H,GeForce RTX 4070,16.0,1TB,1799.1,60.73082863661752,27890.0,51.7,337.56227356243414
LPLEN03436OB,Legion Pro 5,Intel i7-13700HX,GeForce RTX 4070,16.0,1TB,1979.1,66.33412935910098,34110.0,51.7,335.1732068066343
LPASU00658,ZenBook 14,AMD Ryzen 5 5600H,AMD Radeon Vega 7,8.0,512GB,699.0,23.38724747660874,17093.0,11.6,334.5815089643596
LPACE00946,,Intel i5-1135G7,Intel Iris,8.0,512GB,486.88,16.210604653489806,9891.0,10.6,332.9486660674048
LPASU00717OB,G614JJ-DS71-CA,Intel i7-13650HX,RTX 3050,16.0,1TB,1439.1,47.90359407272007,32152.0,27.5,332.8718926601353
LPMSI00540,Thin GF63,Intel i7-12650H,GeForce RTX 4050,16.0,512GB,1499.0,49.82948952353554,23281.0,41.9,332.41820896287885
LPACE00960,PH16-71-72YG,Intel i7-13700HX,GeForce RTX 4070,16.0,1TB,1999.0,66.33412935910098,34110.0,51.7,331.836565078044
LPASU00583OB,TUF Gaming Notebook,Ryzen 5 4600H,GeForce GTX 1650,8.0,512GB,827.89000091553,27.409947165390356,14525.0,20.8,331.0819932005316
LPLEN03352,ThinkBook 15 G3,AMD Ryzen 5 5500U,AMD Radeon ,8.0,256GB,599.0,19.82978211437607,13144.0,11.6,331.04811543198775
LPMSI00593,Katana 17,Intel i7-13620H,GeForce RTX 4070,16.0,1TB,1799.0,59.46873469574946,26489.0,51.7,330.5655069246774
LPGIG00153,G5 MF,Intel i5-12450H,GeForce RTX 4050,8.0,512GB,1349.0,44.58202542249596,17456.0,41.9,330.48202685319467
LPACE00981OB,Aspire 5,AMD Ryzen 3 5300U,,8.0,256GB,426.55,13.986839814927732,9716.0,7.6,327.9062200194052
LPHEW01733,16-c0010ca,AMD Ryzen 7 5800H,NVIDIA GeForce RTX 3050 Ti,16.0,1TB,1172.88,38.456494720038215,21130.0,28.2,327.8808976198606
LPACE00985,Swift 3 EVO,Intel i5-1240P,,16.0,512GB,699.0,22.903035693253422,17320.0,10.6,327.65430176328215
LPASU00685,VivoBook F415EA-AS31,Intel Core i3-1115G4,Intel UHD ,4.0,128GB,299.0,9.793998180129643,6132.0,6.2,327.55846756286434
LPASU00760,Vivobook 16X,Intel i9-13900H,GeForce RTX 4050,16.0,512GB,1699.0,55.60034875636981,29687.0,41.9,327.25337702395416
LPHEW01929,ProBook 440 G9,Intel Core i5-1235U,,8.0,256GB,599.0,19.503219467103484,13546.0,10.6,325.596318315584
LPHEW01913OB,15-DY2067MS,Intel Core i5-1135G7,Intel Iris X ,12.0,256GB,498.64,16.210604653489806,9891.0,10.6,325.09635515581994
LPACE00888,TravelMate P2,Intel Core i5-1135G7,,8.0,256 GB,499.0,16.210604653489806,9891.0,10.6,324.86181670320246
LPLEN03130OB,,AMD Ryzen 5 5625U,AMD Radeon ,12.0,512GB,664.89,21.572030281141828,15078.0,11.6,324.4451004097193
LPHUA00040,MateBook D15,Intel i5-1135G7,Intel Iris Xe ,8.0,512GB,499.88,16.210604653489806,9891.0,10.6,324.2899226512324
LPHEW02028OB,15-fc0040ca,AMD Ryzen 7 7730U,AMD Radeon ,16.0,1TB,806.55,26.048551020174177,18824.0,13.2,322.96263120915233
LPASU00784OB,Vivobook 15,AMD Ryzen 7 7730U,,16.0,512GB,806.55,26.048551020174177,18824.0,13.2,322.96263120915233
LPLEN03390OB,ThinkPad T14 G3,Ryzen 5 Pro 6650U,AMD Radeon 660M,16.0,256GB,759.05,24.457467342618514,16752.0,13.6,322.2115452554972
LPLEN03431,IdeaPad Slim 5,Intel i5-1335U,Intel Iris Xe,8.0,512GB,699.99,22.550802480634285,16929.0,10.6,322.15892342225294
LPLEN02908,14 G4 ABA,AMD Ryzen 7 5825U,,16.0,512 GB,799.0,25.718839112709713,18458.0,13.2,321.88784871977117
LPGIG00157,AERO 14,Intel i5-12500H,RTX 4050,16.0,1TB,1499.0,48.24398964064633,21521.0,41.9,321.8411583765599
LPGIG00161,,Intel i5-12500H,GeForce RTX 4050,16.0,512GB,1499.0,48.24398964064633,21521.0,41.9,321.8411583765599
LPGIG00158,AORUS Gaming Notebook,Intel i5-12500H,GeForce RTX 4050,8.0,512GB,1499.0,48.24398964064633,21521.0,41.9,321.8411583765599
LPLEN03049OB,Legion 5,AMD Ryzen 7 6800H,GeForce RTX 3070 Ti,16.0,512GB,1780.0900054932,57.25917130828905,23654.0,52.2,321.6644727603229
LPGIG00159,AORUS Gaming Notebook,Intel i5-12500H,GeForce RTX 4060,16.0,512GB,1599.0,51.274292670949364,21521.0,46.3,320.6647446588453
LPGIG00151,BSF-73US754SH,Intel i7-13700H,GeForce RTX 4070,16.0,1TB,1899.0,60.73082863661752,27890.0,51.7,319.80425822336764
LPMSI00543,Katana GF76,Intel i7-11800H,GeForce RTX 3050 Ti,16.0,512GB,1199.0,38.116873438305696,20753.0,28.2,317.9055332636005
LPMSI00565,Bravo 15,AMD Ryzen 7 7735HS,GeForce RTX 4050,16.0,1TB,1599.0,50.71502724221742,24264.0,41.9,317.1671497324416
LPASU00786OB,Vivobook 16X,Intel i5-1235U,,8.0,512GB,616.55,19.503219467103484,13546.0,10.6,316.3282696797257
LPGIG00154OB,AERO 14,Intel Core i7-13700H,GeForce RTX 4050,16.0,1TB,1709.1,53.98151734185167,27890.0,41.9,315.8476235553898
LPMSI00538OB,Katana 17 B12VGK-217CA,Intel i7-12650H,GeForce RTX 4070,16.0,1TB,1799.1,56.57880081830139,23281.0,51.7,314.4839131693702
LPMSI00561,Bravo 15,AMD Ryzen 7 7735HS,GeForce RTX 3050,16.0,512GB,1299.0,40.7976718703166,24264.0,27.5,314.0698373388499
LPMSI00575OB,Modern 15,Intel i7-1255U,Intel Iris Xe,16.0,512GB,664.05,20.739869916941426,13772.0,12.1,312.3239201406736
LPMSI00580,Pulse 17,Intel i9-13900H,GeForce RTX 4070,16.0,1TB,1999.0,62.34966005113564,29687.0,51.7,311.9042523818691
LPACE00981,Aspire 5,AMD Ryzen 3 5300U,,8.0,256GB,449.0,13.986839814927732,9716.0,7.6,311.510909018435
LPASU00500OB,ExpertBook B1,Intel i5 1135G7,,8.0,256GB,521.55,16.210604653489806,9891.0,10.6,310.8159266319587
LPLEN03456OB,IdeaPad,Intel i5-1135G7,,8.0,512GB,521.55,16.210604653489806,9891.0,10.6,310.8159266319587
LPACE00851OB,TravelMate P2,Intel Core i5-1135G7,Intel HD ,8.0,256GB,379.89,11.802891154867215,9891.0,4.2,310.6923360674726
LPGIG00146OB,17H,Intel i7-13700H,RTX 4080,16.0,1TB,2249.1,69.8217377275266,27890.0,64.9,310.4430115491823
LPLEN02956,ThinkBook 14 G4 ABA,AMD Ryzen 5 5625U,,16.0,256GB,699.0,21.572030281141828,15078.0,11.6,308.61273649702184
LPLEN03130,Consumer Laptop,AMD Ryzen 5 5625U,AMD Radeon ,12.0,512GB,699.88,21.572030281141828,15078.0,11.6,308.224699679114
LPASU00783OB,Zenbook 14 OLED,AMD Ryzen 7 5825U,,16.0,512GB,834.93999938965,25.718839112709713,18458.0,13.2,308.032183528283
LPGIG00156OB,AERO 16 OLED,Intel i7-13700H,GeForce RTX 4070,16.0,1TB,1979.1,60.73082863661752,27890.0,51.7,306.8608389501163
LPHEW02028,15-fc0040ca,AMD Ryzen 7 7730U,AMD Radeon ,16.0,1TB,849.0,26.048551020174177,18824.0,13.2,306.81449964869466
LPASU00784,Vivobook 15 OLED,AMD Ryzen 7 7730U,,16.0,512GB,849.0,26.048551020174177,18824.0,13.2,306.81449964869466
LPLEN03390,21CF000CUS,Ryzen 5 Pro 6650U,AMD Radeon 660M,16.0,256GB,799.0,24.457467342618514,16752.0,13.6,306.10096799272236
LPMSI00553,Vector GP68HX,Intel i9-12900HX,GeForce RTX 4080,32.0,1TB,2499.0,76.17004322452678,34937.0,64.9,304.8020937356013
LPHEW02024OB,Consumer Notebook 17,Intel i5-1335U,Intel Iris Xe,8.0,1TB,739.94001464844,22.550802480634285,16929.0,10.6,304.7652787280144
LPLEN03437,,Intel i9-13900HX,GeForce RTX 4070,16.0,512GB,2499.0,76.12369028373568,44977.0,51.7,304.61660777805395
LPGIG00141,YE5-74US544SH,Intel i7-12700H,GeForce RTX 3080 Ti,32.0,1TB,1999.0,60.78758977066686,26424.0,53.7,304.0899938502594
LPGIG00148,,Intel i7-13700H,GeForce RTX 4070,16.0,1TB,1999.0,60.73082863661752,27890.0,51.7,303.8060462061907
LPMSI00537,Pulse 17,Intel i7-13700H,GeForce RTX 4070,16.0,1TB,1999.0,60.73082863661752,27890.0,51.7,303.8060462061907
LPLEN03436,Legion Pro 5,Intel i7-13700HX,GeForce RTX 4070,16.0,1TB,2199.0,66.33412935910098,34110.0,51.7,301.6558861259708
LPLEN03503OB,Legion Slim 7i,Intel i9-13900H,GeForce RTX 4070,32.0,1TB,2069.1,62.34966005113564,29687.0,51.7,301.3371033354388
LPASU00721OB,G733PZ-XS96,AMD Ryzen 9 7945HX,RTX 4080,32.0,1TB,3149.1,94.6969696969697,55503.0,64.9,300.71121811619093
LPASU00786,Vivobook 16X,Intel i5-1235U,,8.0,512GB,649.0,19.503219467103484,13546.0,10.6,300.51185619573937
LPASU00717,G614JJ-DS71-CA,Intel i7-13650HX,RTX 3050,16.0,1TB,1599.0,47.90359407272007,32152.0,27.5,299.58470339412173
LPASU00610OB,TUF517ZC-DS51-CA,Intel i5-12450H,GeForce RTX 3050,16.0,512GB,1159.0899978638,34.664670050595134,17456.0,27.5,299.0679767272778
LPLEN03569OB,V14,Ryzen 5 5500U,,16.0,512GB,664.05,19.82978211437607,13144.0,11.6,298.6188105470382
LPACE00958,PHN16-71-788N,Intel i7-13700HX,GeForce RTX 4060,16.0,1024GB,2099.99,62.615121094638184,34110.0,46.3,298.16866315857783
LPMSI00567,Thin GF63,Intel Core i5-12450H,GeForce RTX 4060,16.0,512GB,1599.0,47.612328452799,17456.0,46.3,297.7631548017448
LPHEW02099OB,17-cn3020ca,Intel i5-1335U,,16.0,512GB,759.05,22.550802480634285,16929.0,10.6,297.09245083504754
LPMSI00575,Modern 15,Intel i7-1255U,Intel Iris Xe,16.0,512GB,699.0,20.739869916941426,13772.0,12.1,296.7077241336399
LPASU00500,ExpertBook B1,Intel i5 1135G7,,8.0,256GB,549.0,16.210604653489806,9891.0,10.6,295.27513030036073
LPLEN03456,IdeaPad,Intel i5-1135G7,,8.0,512GB,549.0,16.210604653489806,9891.0,10.6,295.27513030036073
LPACE00984OB,Aspire 3,Intel i5-1235U,,16.0,512GB,664.05,19.503219467103484,13546.0,10.6,293.7010687012045
LPLEN03212OB,IdeaPad 5,Intel Core i5-1235U,Intel Iris Xe,8.0,512GB,664.89,19.503219467103484,13546.0,10.6,293.33001650052614
LPACE00963,AN515-58-7578,Intel i7-12650H,GeForce RTX 4050,16.0,1TB,1699.99,49.82948952353554,23281.0,41.9,293.1163684700236
LPCNO00052OB,VivoBook F515,Intel Core i7-1165G7,Intel Iris Xe ,8.0,512GB,603.14,17.65445111075077,10347.0,12.1,292.7090080371186
LPMSI00563OB,Modern 15,Intel i5-1155G7,Intel Iris Xe,16.0,512GB,569.05,16.559234457284195,10278.0,10.6,290.9978816849872
LPLEN03611,21KJ000EUS,AMD Ryzen 7 7730U Octa-core (8 Core),,16.0,512 GB,899.0,26.048551020174177,18824.0,13.2,289.7502894346404
LPHEW02024,Consumer Notebook,Intel i5-1335U,Intel Iris Xe,8.0,1TB,778.88000488281,22.550802480634285,16929.0,10.6,289.52858385454726
LPACE00952,Nitro 5,Intel i5-12450H,GeForce RTX 3050,8.0,512GB,1199.99,34.664670050595134,17456.0,27.5,288.8746577104404
LPACE00966,Nitro 17,AMD Ryzen 7 7735HS,GeForce RTX 4070,32.0,1TB,1999.0,57.46433853698327,24264.0,51.7,287.46542539761515
LPMSI00481OB,Raider GE76,Intel i9-12900HK,RTX3080TI,32.0,1TB,2173.39,62.28390528514356,28085.0,53.7,286.57491423602556
LPCNO00061OB,F1500EA-WB51,Intel i5-1135G7,,8.0,256GB,568.05999832153,16.210604653489806,9891.0,10.6,285.3678256062377
LPASU00726OB,GV302XU-DS91T-CA,AMD Ryzen 9 7940HS,RTX 4050,16.0,1TB,1979.1,56.417421707381465,30594.0,41.9,285.06604874630625
LPASU00581OB,ExpertBook B1,Intel i5-1135G7,,8.0,256GB,569.05,16.210604653489806,9891.0,10.6,284.871358465685
LPHUA00036OB,MateBook D15,Intel i5-1135G7,Intel Iris Xe ,8.0,512GB,569.05,16.210604653489806,9891.0,10.6,284.871358465685
LPASU00561OB,ExpertBook B1,Intel Core i5-1135G7,Intel Iris Xe  G7,8.0,256GB,569.89,16.210604653489806,9891.0,10.6,284.45146701099867
LPGIG00154,AERO 14,Intel Core i7-13700H,GeForce RTX 4050,16.0,1TB,1899.0,53.98151734185167,27890.0,41.9,284.2628611998508
LPGIG00145,,Intel Core i9-13900HX,GeForce RTX 4080,16.0,1TB,2999.0,85.21459937464478,44977.0,64.9,284.14337904182986
LPACE00961,Predator Helios,Intel i9-13900HX,GeForce RTX 4080,32.0,1 TB,2999.0,85.21459937464478,44977.0,64.9,284.14337904182986
LPACE00957,AN16-51-74BV,Intel i7-13700H,GeForce RTX 4050,16.0,1024GB,1899.99,53.98151734185167,27890.0,41.9,284.1147445084009
LPLEN03569,V14,Ryzen 5 5500U,,16.0,512GB,699.0,19.82978211437607,13144.0,11.6,283.6878700196863
LPLEN03432OB,IdeaPad Flex 5,AMD Ryzen 5 7530U,,16.0,512GB,806.55,22.859348083783125,16507.0,11.6,283.42133883557284
LPMSI00538,Katana 17 B12VGK-217CA,Intel i7-12650H,GeForce RTX 4070,16.0,1TB,1999.0,56.57880081830139,23281.0,51.7,283.0355218524332
LPASU00735OB,Vivobook 16X,Intel i5-12500H,Iris Xe ,16.0,512GB,944.18999938965,26.687515811445227,21521.0,10.6,282.64984620359
LPGIG00134,A7 K1,AMD Ryzen 7 5800H,GeForce RTX 3060,16.0,512GB,1699.0,47.960626951443174,21130.0,42.0,282.2873864122612
LPHEW02099,17-cn3020ca,Intel i5-1335U,,16.0,512GB,799.0,22.550802480634285,16929.0,10.6,282.2378282932952
LPASU00761,Vivobook Pro 16X OLED,Intel i9-13980HX,Geforce RTX 4070,32.0,1TB,2799.0,78.84156138980202,47994.0,51.7,281.67760410790294
LPLEN03493OB,Thinkbook T490,Intel i5-8365U,,16.0,256GB,359.1,10.033535526260737,6245.0,6.4,279.4078397733427
LPLEN00715OB,,Intel Core i5-8365U,,16.0,256 GB,359.1,10.033535526260737,6245.0,6.4,279.4078397733427
LPGIG00146,,Intel i7-13700H,RTX 4080,16.0,1TB,2499.0,69.8217377275266,27890.0,64.9,279.3987103942641
LPACE00984,Aspire 3,Intel i5-1235U,,16.0,512GB,699.0,19.503219467103484,13546.0,10.6,279.0160152661442
LPLEN03518OB,Thinkbook T480s,Intel i5-8350U,,16.0,256GB,359.1,10.016419334343182,6226.0,6.4,278.9311983944077
LPLEN02718OB,,Intel Core i5-8350U,Intel UHD  620,16.0,256 GB,359.1,10.016419334343182,6226.0,6.4,278.9311983944077
LPASU00724OB,GU604VI-DS92-CA,Intel i9-13900H,GeForce RTX 4070,32.0,1TB,2249.1,62.34966005113564,29687.0,51.7,277.2204884226386
LPGIG00150,AORUS 15X,Intel i7-13700HX,GeForce RTX 4070,16.0,1TB,2399.0,66.33412935910098,34110.0,51.7,276.50741708670694
LPMSI00563,Modern 15 Notebook,Intel i5-1155G7,Intel Iris Xe,16.0,512GB,599.0,16.559234457284195,10278.0,10.6,276.4479876007378
LPGIG00156,AERO 16 OLED,Intel i7-13700H,GeForce RTX 4070,16.0,1TB,2199.0,60.73082863661752,27890.0,51.7,276.17475505510464
LPHEW01967OB,ProBook 440 G9,Intel i5-1235U,,16.0,256GB,711.55,19.503219467103484,13546.0,10.6,274.09485583730566
LPLEN03312OB,T490,Intel i5-8265U,Intel UHD ,16.0,256GB,359.1,9.83354633648721,6023.0,6.4,273.83866155631324
LPHEW01543OB,Notebook,AMD Ryzen 7 5700U,AMD Radeon ,16.0,1TB,854.89,23.373019967798626,15854.0,13.2,273.40382935580755
LPACE00959,PH16-71-71AV,Intel i7-13700HX,GeForce RTX 4060,16.0,1024GB,2299.99,62.615121094638184,34110.0,46.3,272.24084058903816
LPLEN03567OB,ThinkPad X1 Gen 3,Intel i7-8550U,N/A,16.0,256GB,359.1,9.748866229105627,5929.0,6.4,271.4805410500035
LPLEN03503,82Y3007HCC,Intel i9-13900H,NVIDIA GeForce RTX 4070,32.0,1TB,2299.0,62.34966005113564,29687.0,51.7,271.20339300189494
LPCNO00061,Vivobook F Series,Intel i5-1135G7,,8.0,256GB,597.95999908447,16.210604653489806,9891.0,10.6,271.09847946868825
LPHUA00042OB,Matebook D14,Intel i7-1360P,,16.0,1TB,949.05,25.72788858259914,19309.0,12.1,271.0909707876207
LPASU00721,ROG Strix,AMD Ryzen 9 7945HX,RTX 4080,32.0,1TB,3499.0,94.6969696969697,55503.0,64.9,270.6400963045719
LPASU00581,ExpertBook B1,Intel i5-1135G7,,8.0,256GB,599.0,16.210604653489806,9891.0,10.6,270.62779054240076
LPHUA00036,MateBook D15,Intel i5-1135G7,Intel Iris Xe ,8.0,512GB,599.0,16.210604653489806,9891.0,10.6,270.62779054240076
LPASU00561,ExpertBook B1,Intel Core i5-1135G7,Intel Iris Xe  G7,8.0,256GB,599.88,16.210604653489806,9891.0,10.6,270.23079038290666
LPLEN03432,,AMD Ryzen 5 7530U,,16.0,512GB,849.0,22.859348083783125,16507.0,11.6,269.25027189379415
LPMSI00581,Modern 15,AMD Ryzen 5-7530U,,16.0,512GB,849.0,22.859348083783125,16507.0,11.6,269.25027189379415
LPASU00610,TUF517ZC-DS51-CA,Intel i5-12450H,GeForce RTX 3050,16.0,512GB,1287.8799972534,34.664670050595134,17456.0,27.5,269.1607146979751
LPHEW02101,14-ep0000ca,Intel i3-N305,,8.0,256GB,549.0,14.773827280276564,9978.0,8.4,269.10432204511045
LPASU00621OB,GA503RS-XS92-CA,AMD Ryzen 9 6900HS,GeForce RTX 3080,32.0,1TB,2015.89,54.175896679250314,23901.0,47.4,268.74430985445787
LPASU00735,Vivobook 16X,Intel i5-12500H,Iris Xe ,16.0,512GB,993.87999725342,26.687515811445227,21521.0,10.6,268.51849202314145
LPASU00770OB,GA402XZ-CS94,AMD Ryzen 9 7940HS,GeForce RTX 4080,16.0,1TB,2699.1,72.2576420930564,30594.0,64.9,267.71013335206703
LPACE00965,Nitro,AMD Ryzen 7 7735HS,GeForce RTX 4050,16.0,1TB,1899.0,50.71502724221742,24264.0,41.9,267.0617548300022
LPMSI00555,Stealth 15,Intel i9-13900H,GeForce RTX 4060,32.0,1TB,2199.0,58.630651786672836,29687.0,46.3,266.6241554646332
LPASU00609OB,TUF Gaming Notebook,Intel Core i5-10300H,GeForce GTX 1650,8.0,1TB,824.29000152588,21.958890465752503,8474.0,20.8,266.39763220593994
LPASU00752OB,Vivobook 17,Intel i7-1165G7,Intel Iris Xe ,8.0,512GB,664.05,17.65445111075077,10347.0,12.1,265.86026821400156
LPLEN03685OB,IdeaPad Slim 3 15AMN8,AMD Ryzen 3 7320U,,8.0,256GB,426.55,11.335170178426807,9066.0,4.6,265.7407145335086
LPASU00782OB,Vivobook Go,AMD Ryzen 3 7320U,,8.0,128GB,426.55,11.335170178426807,9066.0,4.6,265.7407145335086
LPMSI00579,Stealth 14Studio,Intel i7-13620H,GeForce RTX 4060,16.0,1TB,2099.0,55.74972643128664,26489.0,46.3,265.6013646083213
LPLEN03707,V15 G4,Intel i3-1315U,Intel UHD ,16.0,512GB,699.0,18.53286390743826,13004.0,9.9,265.1339614798034
LPHEW01738OB,Probook 640,Intel Core i5-6300U,Intel HD  520,16.0,512GB,242.89,6.4311578422609275,3240.0,5.1,264.7765590292284
LPGIG00136,AORUS 5 KE4,Intel Core i7-12700H,GeForce RTX 3060,16.0,1TB,1999.0,52.72973853099744,26424.0,42.0,263.78058294646047
LPASU00764OB,Zenbook 15 OLED,AMD Ryzen 7 7735U,AMD Radeon ,16.0,1TB,1234.05,32.18085300429744,21350.0,18.8,260.77430415540243
LPASU00779OB,Zenbook 14X OLED,Intel i7-12700H,Intel Iris Xe,16.0,1TB,1234.05,32.13745202962002,26424.0,12.1,260.42260872428204
LPHEW01967,ProBook 440 G9,Intel i5-1235U,,16.0,256GB,749.0,19.503219467103484,13546.0,10.6,260.39011304544033
LPHEW01543,15-ef2030ca,AMD Ryzen 7 5700U,AMD Radeon ,16.0,1TB,899.88,23.373019967798626,15854.0,13.2,259.73485317818626
LPACE00994,Vero,Intel i7-1255U,Intel Iris Xe ,16.0,1TB,799.0,20.739869916941426,13772.0,12.1,259.5728400117826
LPMSI00524,GP66 Leopard,Intel Core i7-11800H,NVIDIA RTX3070,16.0,512GB,1999.0,51.753237074669336,20753.0,48.0,258.89563318994163
LPMSI00497,Pulse GL66,Intel i7-11800H,RTX3070,16.0,512GB,1999.88,51.753237074669336,20753.0,48.0,258.78171227608317
LPHUA00042,Matebook D14,Intel i7-1360P,,16.0,1TB,999.0,25.72788858259914,19309.0,12.1,257.5364222482396
LPASU00726,GV302XU-DS91T-CA,AMD Ryzen 9 7940HS,RTX 4050,16.0,1TB,2199.0,56.417421707381465,30594.0,41.9,256.55944387167557
LPASU00727,GV601VU-DS91T-CA,Intel Core i9-13900H,RTX 4050,16.0,1TB,2199.0,55.60034875636981,29687.0,41.9,252.8437869775799
LPHEW02077,OMEN,AMD Ryzen 9 7940HS,GeForce RTX 4070,32.0,2TB,2499.0,63.16673300214731,30594.0,51.7,252.76803922427894
LPASU00752,Vivobook 17,Intel i7-1165G7,Intel Iris Xe ,8.0,512GB,699.0,17.65445111075077,10347.0,12.1,252.56725480330144
LPASU00782,Vivobook Go,AMD Ryzen 3 7320U,,8.0,128GB,449.0,11.335170178426807,9066.0,4.6,252.45367880683315
LPLEN03685,IdeaPad Slim 3 15AMN8,AMD Ryzen 3 7320U,,8.0,256GB,449.0,11.335170178426807,9066.0,4.6,252.45367880683315
LPMSI00592,Stealth 14Studio,Intel i7-13620H,GeForce RTX 3050,16.0,512GB,1699.0,42.80206802908278,26489.0,27.5,251.92506197223534
LPLEN03493,,Intel i5-8365U,,16.0,256GB,399.0,10.033535526260737,6245.0,6.4,251.46705579600845
LPLEN00715,ThinkPad T490,Intel i5-8365U,,16.0,256GB,399.0,10.033535526260737,6245.0,6.4,251.46705579600845
LPASU00718,G634JZ-XS96,Intel i9-13980HX,RTX 4080,32.0,1TB,3499.0,87.93247048071112,47994.0,64.9,251.30743206833705
LPLEN02718,ThinkPad T480,Intel Core i5-8350U,Intel UHD  620,16.0,256 GB,399.0,10.016419334343182,6226.0,6.4,251.03807855496697
LPLEN03518,Thinkbook T480s,Intel i5-8350U,,16.0,256GB,399.0,10.016419334343182,6226.0,6.4,251.03807855496697
LPMSI00578,Modern 14,Intel i5-1335U,,16.0,512GB,899.0,22.550802480634285,16929.0,10.6,250.8431866588908
LPLEN03268,ThinkPad T580,Intel Core i5-8350U,,16.0,256GB,399.88,10.016419334343182,6226.0,6.4,250.48562904729374
LPASU00759,H7604JI-XS91T-CA,Intel i9-13980HX,Geforce RTX 4070,32.0,1TB,3154.0,78.84156138980202,47994.0,51.7,249.97324473621444
LPASU00766,Zenbook Pro 14,Intel i9-13900H,GeForce RTX 4070,32.0,1TB,2499.0,62.34966005113564,29687.0,51.7,249.4984395803747
LPASU00724,ROG Zephyrus,Intel i9-13900H,GeForce RTX 4070,32.0,1TB,2499.0,62.34966005113564,29687.0,51.7,249.4984395803747
LPGIG00155,AERO 16 OLED,Intel i9-13900H,GeForce RTX 4070,32.0,1TB,2499.0,62.34966005113564,29687.0,51.7,249.4984395803747
LPGIG00144OB,AZF-B5US665SP,Intel Core i9-13900HX,RTX 4090,32.0,2TB,3644.8900085449,90.51762967767509,44977.0,72.6,248.34118304110692
LPLEN03578OB,Yoga L390,Intel i5-8365U,,16.0,256GB,404.1,10.033535526260737,6245.0,6.4,248.2933810012555
LPLEN03202OB,ThinkPad X380 Yoga,Intel i5-8350U,Integrated,16.0,512GB,404.1,10.016419334343182,6226.0,6.4,247.86981772687906
LPASU00764,Zenbook 15 OLED,AMD Ryzen 7 7735U,AMD Radeon ,16.0,1TB,1299.0,32.18085300429744,21350.0,18.8,247.73558894763232
LPASU00779,Zenbook 14X OLED,Intel i7-12700H,Intel Iris Xe,16.0,1TB,1299.0,32.13745202962002,26424.0,12.1,247.40147828806792
LPLEN03403OB,T480s,Intel i7-8550U,Intel UHD  620,24.0,256GB,394.15999755859,9.748866229105627,5929.0,6.4,247.33271487440842
LPLEN00182OB,ThinkPad T480s,Intel Core i7-8550U,,16.0,256 GB,394.15999755859,9.748866229105627,5929.0,6.4,247.33271487440842
LPMSI00381OB,Prestige 14,Intel Core i7-1185G7,NVIDIA GeForce MX450,16.0,1TB,736.14,18.184379282305194,10553.0,12.6,247.0233825400765
LPLEN03312,T490,Intel i5-8265U,Intel UHD ,16.0,256GB,399.0,9.83354633648721,6023.0,6.4,246.45479540068197
LPHEW02012,Chromebook C204MA-SS02-CB,Intel Celeron-N4020,Intel UHD ,4.0,32GB eMMC,99.0,2.434783884066724,1556.0,1.5,245.93776606734585
LPLEN03567,ThinkPad X1 Gen 3,Intel i7-8550U,,16.0,256GB,399.0,9.748866229105627,5929.0,6.4,244.33248694500318
LPGIG00164,AORUS 17X,Intel i9-13980HX,GeForce RTX 4080,16.0,1TB,3599.0,87.93247048071112,47994.0,64.9,244.324730427094
LPLEN02154OB,20WM0085US,Intel i5-1135G7,,8.0,256GB,664.05,16.210604653489806,9891.0,10.6,244.11722992982163
LPMSI00513,Katana GF76,Intel Core i7-12700H,GeForce RTX3070TI,16.0,1TB,2449.0,59.75453191942719,26424.0,52.2,243.99563870733846
LPHUA00035OB,Matebook 14,Intel Core i5-1135G7,Intel Iris Xe ,16.0,512GB,664.89,16.210604653489806,9891.0,10.6,243.80882030846914
LPMSI00548,Vector GP78 HX,Intel i9-13950HX,GeForce RTX 4080,32.0,1TB,3499.0,85.17316017316018,44931.0,64.9,243.42143519051209
LPASU00621,GA503RS-XS92-CA,AMD Ryzen 9 6900HS,GeForce RTX 3080,32.0,1TB,2239.88,54.175896679250314,23901.0,47.4,241.86963890588027
LPASU00780OB,Zenbook,Intel i7-12700H,,16.0,1TB,1329.05,32.13745202962002,26424.0,12.1,241.80769745020896
LPACE00945OB,Aspire,Intel i5-10210U,,8.0,256GB,415.04000549316,10.018221038755556,6228.0,6.4,241.3796478932598
LPGIG00138,AERO 16,Intel Core i9-12900H,GeForce RTX 3080 Ti,32.0,2TB,2599.0,62.67937940365967,28524.0,53.7,241.16729281900604
LPASU00770,GA402XZ-CS94,AMD Ryzen 9 7940HS,GeForce RTX 4080,16.0,1TB,2999.0,72.2576420930564,30594.0,64.9,240.93912001686033
LPHEW02021OB,14-em0030ca,AMD Ryzen 3 7320U,Radeon ,8.0,256GB,474.05,11.335170178426807,9066.0,4.6,239.11338842794657
LPLEN03428OB,IdeaPad Slim 3,AMD Ryzen 3 7320U,AMD Radeon 610M ,8.0,512GB,474.99,11.335170178426807,9066.0,4.6,238.64018565499921
LPASU00603OB,Vivobook 15,Intel Core i7-1165G7,Intel Iris Xe ,12.0,512GB,741.83999694824,17.65445111075077,10347.0,12.1,237.98192579770762
LPASU00540,VivoBook Pro 16X,AMD Ryzen 7 5800H,NVIDIA GeForce RTX 3050,16.0,512GB,1599.0,37.974401056126375,21130.0,27.5,237.48843687383595
LPASU00729,Zephyrus Duo,AMD Ryzen 9 7945HX,RTX 4080,32.0,1TB,3999.0,94.6969696969697,55503.0,64.9,236.8016246485864
LPMSI00568OB,Modern,Intel i5-1235U,Intel Iris Xe,16.0,512GB,830.18999938965,19.503219467103484,13546.0,10.6,234.9247700097823
LPMSI00498OB,SUMMIT E14,Intel i7-1280P,Iris Xe ,16.0,1TB,1141.7899938965,26.755760949858566,20450.0,12.1,234.3317168032907
LPASU00722,G834JY-XS97,Intel i9-13980HX,RTX 4090,32.0,2TB,3999.0,93.23550078374141,47994.0,72.6,233.1470387190333
LPLGE00019OB,gram,Intel i5-1155G7,Intel Iris Xe ,8.0,512GB,712.39,16.559234457284195,10278.0,10.6,232.44619460245366
LPGIG00137OB,AERO 16,Intel Core i9-12900H,NVIDIA RTX 3080 Ti,64.0,2TB,2699.1,62.67937940365967,28524.0,53.7,232.22325739564917
LPMSI00550,Raider GE78HX,Intel i9-13980HX,GeForce RTX 4070,32.0,2TB,3399.0,78.84156138980202,47994.0,51.7,231.95516737217426
LPSAS00117,Galaxy Book,Intel i5-1135G7,Intel Iris Xe ,8.0,256GB,699.0,16.210604653489806,9891.0,10.6,231.91136843333055
LPLEN02154,20WM0085US,Intel i5-1135G7,,8.0,256GB,699.0,16.210604653489806,9891.0,10.6,231.91136843333055
LPHUA00035,Matebook 14,Intel Core i5-1135G7,Intel Iris Xe ,16.0,512GB,699.88,16.210604653489806,9891.0,10.6,231.61977272517868
LPLEN03299OB,ThinkPad T14 Gen 2,Intel Core i5-1135G7,GeForce MX450 2GB,8.0,256GB,759.89,17.588015121809363,9891.0,12.6,231.45475163259636
LPASU00780,Zenbook,Intel i7-12700H,,16.0,1TB,1399.0,32.13745202962002,26424.0,12.1,229.71731257769852
LPHUA00037OB,MateBook 14s,Intel Core i7-11370H,Intel Iris Xe ,16.0,512GB,824.49000038147,18.927355278093078,11760.0,12.1,229.56440065174695
LPACE00945,Aspire A515-54-54B9,Intel i5-10210U,,8.0,256GB,436.88000488281,10.018221038755556,6228.0,6.4,229.31287600225318
LPLEN03600,21KK0009US,AMD Ryzen 5 7530U Hexa-core (6 Core),,16.0,512 GB,999.0,22.859348083783125,16507.0,11.6,228.82230314097222
LPASU00707OB,Zenbook OLED,AMD Ryzen 7 7730U,AMD Radeon,16.0,1TB,1139.05,26.048551020174177,18824.0,13.2,228.686633775288
LPHEW01946OB,,Intel i5-1235U,,16.0,256GB,854.05,19.503219467103484,13546.0,10.6,228.36156509693208
LPHEW02021,Consumer Laptop 14,AMD Ryzen 3 7320U,Radeon ,8.0,256GB,499.0,11.335170178426807,9066.0,4.6,227.15771900654926
LPASU00723,GA402NJ-DS71-CA,AMD Ryzen 7 7735HS,RTX 3050,16.0,512GB,1799.0,40.7976718703166,24264.0,27.5,226.77972134695162
LPLEN03428,IdeaPad Slim 3,AMD Ryzen 3 7320U,AMD Radeon 610M ,8.0,512GB,499.99,11.335170178426807,9066.0,4.6,226.7079377272907
LPHEW02036,,Intel i9-13900HX,GeForce RTX 4090,32.0,2TB,3999.0,90.51762967767509,44977.0,72.6,226.3506618596526
LPASU00603,Vivobook 15,Intel Core i7-1165G7,Intel Iris Xe ,12.0,512GB,780.88,17.65445111075077,10347.0,12.1,226.08404762256393
LPHUA00039OB,MateBook 14s,i7-11370H,Intel Iris Xe ,16.0,512GB,838.82000030518,18.927355278093078,11760.0,12.1,225.64263216431317
LPLEN03429OB,IdeaPad Slim 3,AMD Ryzen 5 7520U,AMD Radeon 610M,8.0,512GB,522.49,11.703618730757313,9475.0,4.6,223.99699000473333
LPLEN03578,Yoga L390,Intel i5-8365U,,16.0,256GB,449.0,10.033535526260737,6245.0,6.4,223.46404290112997
LPLEN03577OB,ThinkPad T480,Intel i5-8365U,,16.0,512GB,449.1,10.033535526260737,6245.0,6.4,223.41428470854456
LPLEN03559OB,,Intel i5-8365U,Intel UHD  620,16.0,512GB,449.1,10.033535526260737,6245.0,6.4,223.41428470854456
LPLEN03202,X380 Yoga,Intel i5-8350U,Integrated GPU,16.0,512GB,449.0,10.016419334343182,6226.0,6.4,223.08283595419115
LPLEN03403,T480s,Intel i7-8550U,Intel UHD  620,24.0,256GB,437.96000671387,9.748866229105627,5929.0,6.4,222.59717964327277
LPLEN00182,ThinkPad T480s,Intel Core i7-8550U,,16.0,256GB,437.96000671387,9.748866229105627,5929.0,6.4,222.59717964327277
LPASU00731,ROG Flow,Intel i9-13900H,RTX 4050,16.0,1TB,2499.0,55.60034875636981,29687.0,41.9,222.49039118195202
LPMSI00415,Stealth 15M,Intel Core i7-1260P,RTX3060,16.0,1TB,1999.0,44.44820419951986,17231.0,42.0,222.35219709614736
LPMSI00549,Vector GP78HX,Intel i7-13700HX,GeForce RTX 4080,32.0,1TB,3399.0,75.42503845001008,34110.0,64.9,221.90361415125057
LPLEN03706,V15 G4,AMD Ryzen 5 5500U,Integrated graphics,16.0,512GB,899.0,19.82978211437607,13144.0,11.6,220.57599682287062
LPLEN03299,ThinkPad T14 Gen 2,Intel Core i5-1135G7,GeForce MX450 2GB,8.0,256GB,799.88,17.588015121809363,9891.0,12.6,219.8831714983418
LPASU00800,Vivobook S 15 OLED,Intel i9-13900H,,16.0,1TB,1599.0,35.07693277840838,29687.0,12.1,219.36793482431756
LPLEN03552OB,X1 Yoga G4,Intel i5-8265U,,16.0,512GB,449.1,9.83354633648721,6023.0,6.4,218.96117427047895
LPACE00880OB,Aspire A515-54,Intel i7-10510U,,8.0,512GB,474.89,10.396578965354118,6648.0,6.4,218.92604530215667
LPLEN03301OB,IdeaPad Flex 5,Intel i7-1255U,,16.0,512GB,949.05,20.739869916941426,13772.0,12.1,218.5329531314623
LPHEW01822OB,ProBook 450 G9,Intel i7-1255U,,16.0,512GB,949.05,20.739869916941426,13772.0,12.1,218.5329531314623
LPASU00559OB,Zenbook Notebook,Intel Core i5-1135G7,Intel Iris Xe ,8.0,256GB,741.83999328613,16.210604653489806,9891.0,10.6,218.51888278066082
LPLGE00021OB,gram,Intel i5-1155G7,Intel Iris Xe ,8.0,512GB,759.89,16.559234457284195,10278.0,10.6,217.91620441490474
LPASU00707,Zenbook,AMD Ryzen 7 7730U,AMD Radeon,16.0,1TB,1199.0,26.048551020174177,18824.0,13.2,217.25230208652357
LPHEW01946,ProBook 450 G9,Intel i5-1235U,,16.0,256GB,899.0,19.503219467103484,13546.0,10.6,216.94348684208546
LPLEN03055,ThinkBook 15 G4,Intel Core i5-1235U,,16.0,256GB,899.0,19.503219467103484,13546.0,10.6,216.94348684208546
LPHEW01739,ProBook 820 G3,Intel Core i7 6500U,Intel HD  520,16.0,256GB,299.0,6.462687669477473,3275.0,5.1,216.14340031697236
LPLEN03508,21JR001QUS,"AMD Ryzen 5 7530U (Hexa-core, 6 Core) ",,8.0,256 GB,1061.69,22.859348083783125,16507.0,11.6,215.31094842923193
LPLEN03338,ThinkPad T14s Gen 2,AMD Ryzen 5 PRO 5650U Hexa-core (6 Core) 2.30 GHz,,,256 GB,999.0,21.431497336976648,14922.0,11.6,214.5295028726391
LPLEN03099,ThinkPad E15 Gen 4,AMD Ryzen 7 5825U Octa-core (8 Core) 2 GHz,AMD Radeon ,16.0,512GB,1199.0,25.718839112709713,18458.0,13.2,214.50241128198257
LPHUA00039,MateBook 14s,Intel i7-11370H,Intel Iris Xe ,16.0,512GB,882.95999992371,18.927355278093078,11760.0,12.1,214.36254507257914
LPASU00560OB,ExpertBook B1,Intel i5-1135G7,,8.0,256GB,759.05,16.210604653489806,9891.0,10.6,213.5643851325974
LPHUA00038OB,Matebook 14,i5-1135G7,Intel Iris Xe ,16.0,512GB,759.89,16.210604653489806,9891.0,10.6,213.3283061165406
LPMSI00589,Creator Z17HXStudio,Intel i9-13950HX,GeForce RTX 4060,32.0,1TB,3399.0,72.36324281778828,44931.0,46.3,212.89568348863864
LPLEN03429,IdeaPad Slim 3,AMD Ryzen 5 7520U,AMD Radeon 610M,8.0,512GB,549.99,11.703618730757313,9475.0,4.6,212.79693686716692
LPMSI00516,Modern 14 Business Notebook,Intel Core i5-1235U,Intel Iris Xe,8.0,512GB,929.0,19.503219467103484,13546.0,10.6,209.93777682565644
LPASU00558,Zenbook Pro 15,AMD Ryzen 9 5900HX,NVIDIA GeForce RTX 3050Ti,16.0,512GB,1899.0,39.851013935215775,22678.0,28.2,209.85262735763968
LPMSI00554,Vector GP77,Intel i7-13700H,GeForce RTX 4070,16.0,1TB,2899.0,60.73082863661752,27890.0,51.7,209.48888801868756
LPGIG00137,AERO 16,Intel Core i9-12900H,RTX 3080 Ti,64.0,2TB,2999.0,62.67937940365967,28524.0,53.7,209.00093165608425
LPMSI00576,CREATOR Z16,Intel i7-13700HX,GeForce RTX 4060,32.0,1TB,2999.0,62.615121094638184,34110.0,46.3,208.78666587075085
LPLEN03521,,AMD Ryzen 5 7530U,,16.0,256GB,1099.0,22.859348083783125,16507.0,11.6,208.00134744115675
LPACE00880,Aspire A515-54,Intel i7-10510U,,8.0,512GB,499.88,10.396578965354118,6648.0,6.4,207.98149486585015
LPHEW01822,ProBook 450 G9,Intel i7-1255U,,16.0,512GB,999.0,20.739869916941426,13772.0,12.1,207.60630547488915
LPLEN03301,IdeaPad Flex 5,Intel i7-1255U,,16.0,512GB,999.0,20.739869916941426,13772.0,12.1,207.60630547488915
LPLEN03568,V14,Intel i7-1255U,,16.0,512GB,999.0,20.739869916941426,13772.0,12.1,207.60630547488915
LPASU00559,Zenbook Notebook,Intel Core i5-1135G7,Intel Iris Xe ,8.0,256GB,780.88000488281,16.210604653489806,9891.0,10.6,207.59405481156608
LPLGE00027OB,gram,Intel i5-1240P,Intel Iris Xe ,8.0,512GB,1109.4899984741,22.903035693253422,17320.0,10.6,206.42850070530014
LPHEW02023OB,Consumer Notebook,AMD Ryzen 5 7520U,AMD Radeon ,8.0,512GB,569.05,11.703618730757313,9475.0,4.6,205.66942677721315
LPMSI00583,,Intel i7-13700HX,GeForce RTX 4050,32.0,1TB,2899.0,59.584818064335145,34110.0,41.9,205.53576427849308
LPLGE00026OB,Gram,Intel i7-1260P,Intel Iris Xe ,16.0,512GB,1162.6900030518,23.85591769814244,17231.0,12.1,205.17866013749168
LPLEN03564OB,ThinkPad X1,Intel i7-8650U,,16.0,256GB,494.1,10.07227217112678,6288.0,6.4,203.85088385198904
LPMSI00514OB,Summit E13 Flip Evo,Intel Core i7-1280P,Intel Iris Xe,16.0,1TB,1318.4899984741,26.755760949858566,20450.0,12.1,202.92729547302778
LPASU00560,ExpertBook B1,Intel i5-1135G7,,8.0,256GB,799.0,16.210604653489806,9891.0,10.6,202.88616587596752
LPHUA00038,Matebook 14,i5-1135G7,Intel Iris Xe ,16.0,512GB,799.88,16.210604653489806,9891.0,10.6,202.6629576122644
LPHEW01834OB,EliteBook 640 G9,Intel i5-1245U,,16.0,512GB,961.35999755859,19.444664073701322,13481.0,10.6,202.26204671592103
LPLGE00025,gram,Intel i5-1240P,,8.0,512GB,1135.88,22.903035693253422,17320.0,10.6,201.632528904932
LPLEN03602,,Intel Core i5-1335U,,16.0,256GB,1119.2,22.550802480634285,16929.0,10.6,201.49037241453078
LPASU00763OB,Vivobook S 16 Flip,Intel i5-1335U,Intel HD ,16.0,512GB,901.55,18.143088982011697,16929.0,4.2,201.24329190850975
LPMSI00552,Raider GE78HX,Intel i7-13700HX,GeForce RTX 4070,32.0,1TB,3299.0,66.33412935910098,34110.0,51.7,201.07344455623218
LPLEN03559,ThinkPad T590,Intel i5-8365U,Intel UHD  620,16.0,512GB,499.0,10.033535526260737,6245.0,6.4,201.07285623769013
LPLEN03577,ThinkPad T480,Intel i5-8365U,,16.0,512GB,499.0,10.033535526260737,6245.0,6.4,201.07285623769013
LPASU00728,Zephyrus Duo,AMD Ryzen 9 7945HX,RTX 4090,32.0,2TB,4999.0,100.0,55503.0,72.6,200.0400080016003
LPLEN02131,20Y70037US,AMD Ryzen 5 5500U,,8.0,256GB,999.0,19.82978211437607,13144.0,11.6,198.4963174612219
LPGIG00163,AORUS 17X,Intel i9-13980HX,GeForce RTX 4090,32.0,2TB,4699.0,93.23550078374141,47994.0,72.6,198.415622012644
LPLEN03573OB,ThinkPad T490,Intel i7-8550U,Intel UHD  620,16.0,256GB,494.1,9.748866229105627,5929.0,6.4,197.30552983415555
LPLEN03552,X1 Yoga G4,Intel i5-8265U,,16.0,512GB,499.0,9.83354633648721,6023.0,6.4,197.06505684343108
LPLGE00027,gram,Intel i5-1240P,Intel Iris Xe ,8.0,512GB,1167.88,22.903035693253422,17320.0,10.6,196.10778241988407
LPLGE00015OB,Gram 2-in-1,Intel i7-1165G7,Intel Iris Xe ,16.0,512GB,902.39,17.65445111075077,10347.0,12.1,195.64103226709926
LPASU00767,Zenbook Pro 14 Duo OLED,Intel i9-13900H,GeForce RTX 4060,32.0,1TB,2999.0,58.630651786672836,29687.0,46.3,195.500672846525
LPMSI00534,Raider GE78 HX,Intel i9-13980HX,GeForce RTX 4080,64.0,2TB,4499.0,87.93247048071112,47994.0,64.9,195.44892305114718
LPHEW02023,Consumer Notebook 14,AMD Ryzen 5 7520U,AMD Radeon ,8.0,512GB,599.0,11.703618730757313,9475.0,4.6,195.38595543835248
LPLEN03544,21JR001RUS,Ryzen 5 7530U,,16.0,256 GB,1173.65,22.859348083783125,16507.0,11.6,194.77142319927682
LPLEN03487OB,ThinkPad E16,Intel i7-1355U,,16.0,512GB,1139.05,22.110966974758124,15294.0,12.1,194.11761533521903
LPHEW01834,EliteBook 640 G9,Intel i5-1245U,,16.0,512GB,1011.9599990845,19.444664073701322,13481.0,10.6,192.14854432282422
LPASU00763,Vivobook S 16 Flip,Intel i5-1335U,Intel HD ,16.0,512GB,949.0,18.143088982011697,16929.0,4.2,191.18112731308426
LPHEW02045OB,"Consumer Laptop 17.3""",Intel i5-1135G7,Intel Iris Xe,16.0,512GB,854.05,16.210604653489806,9891.0,10.6,189.80861370516723
LPASU00734OB,Zenbook 14X,Intel i7-1260P,GeForce MX550,16.0,512GB,1519.05,28.74572486067688,17231.0,19.2,189.2348827272103
LPLEN03010,ThinkBook 14 G4,Intel i7-1255U,,16.0,512GB,1099.0,20.739869916941426,13772.0,12.1,188.71583181930328
LPLEN03572,Legion Pro 7,Intel i9-13900HX,GeForce RTX 4090,32.0,2TB,4799.0,90.51762967767509,44977.0,72.6,188.6176905140135
LPLEN03708,V15 G4,Intel i5-1335U,,16.0,1TB,1199.0,22.550802480634285,16929.0,10.6,188.08008741146193
LPMSI00533,Raider GE78 HX,Intel i9-13980HX,GeForce RTX 4090,32.0,2TB,4999.0,93.23550078374141,47994.0,72.6,186.50830322812848
LPMSI00588,Prestige 16EVO,Intel i7-13700H,,32.0,1TB,1799.0,33.458101363890236,27890.0,12.1,185.98166405719977
LPHEW01833OB,EliteBook 650 G9,Intel i5-1245U,,16.0,256GB,1048.7599990845,19.444664073701322,13481.0,10.6,185.40623298633878
LPLEN03487,21JN0073US,Intel i7-1355U,,16.0,512GB,1199.0,22.110966974758124,15294.0,12.1,184.4117345684581
LPMSI00590,Modern 14,Intel i7-1355U,,16.0,1TB,1199.0,22.110966974758124,15294.0,12.1,184.4117345684581
LPMSI00551,Stealth 17Studio,Intel i7-13700H,GeForce RTX 4070,32.0,1TB,3299.0,60.73082863661752,27890.0,51.7,184.08859847413618
LPMSI00597,Prestige 13 EVO,Intel i7-1360P,,16.0,512GB,1399.0,25.72788858259914,19309.0,12.1,183.9019912980639
LPLEN03564,ThinkPad X1,Intel i7-8650U,,16.0,256GB,549.0,10.07227217112678,6288.0,6.4,183.46579546679015
LPASU00736,GU604VY-XS97,Intel i9-13900H,RTX 4090,32.0,2TB,4199.0,76.74359944507503,29687.0,72.6,182.76637162437495
LPLEN03712,Yoga L390,Intel i5-8365U,,16.0,256GB,549.0,10.033535526260737,6245.0,6.4,182.7602099501045
LPLGE00034,Gram,Intel i7-1360P,GeForce RTX 3050,16.0,1TB,1999.99,36.333949188659744,19309.0,27.5,181.67065429657023
LPACE00999,PTX17-71-99W5,Intel i9-13900HX,GeForce RTX 4090,64.0,2TB,4999.0,90.51762967767509,44977.0,72.6,181.07147365008018
LPHEW02045,Consumer Laptop,Intel i5-1135G7,Intel Iris Xe,16.0,512GB,899.0,16.210604653489806,9891.0,10.6,180.31818301990882
LPSAS00150,Galaxy Book3 EVO,Intel i7-13700H,GeForce RTX 4050,16.0,512GB,2999.0,53.98151734185167,27890.0,41.9,179.99839060303992
LPASU00734,Zenbook 14X,Intel i7-1260P,GeForce MX550,16.0,512GB,1599.0,28.74572486067688,17231.0,19.2,179.77313859084978
LPASU00765OB,Zenbook S 13 OLED EVO,Intel i7-1355U,,16.0,1TB,1234.05,22.110966974758124,15294.0,12.1,179.17399598685728
LPMSI00591,Stealth 16 AMG,Intel i9-13900H,GeForce RTX 4070,32.0,2TB,3499.0,62.34966005113564,29687.0,51.7,178.19279808841281
LPMSI00587,CreatorPro M16,Intel i7-13700H,NVIDIA RTX A1000,32.0,1TB,2399.0,42.686751501631285,27890.0,25.5,177.93560442530756
LPLEN03573,ThinkPad T490,Intel i7-8550U,Intel UHD  620,16.0,256GB,549.0,9.748866229105627,5929.0,6.4,177.57497685074
LPACE00491,Aspire 5,Intel i7-10510U,Intel UHD 620 graphics,8.0,512GB,585.88,10.396578965354118,6648.0,6.4,177.45236166713522
LPLEN03502OB,IdeaPad Slim 3,AMD Ryzen 5 7520U,,16.0,512GB,664.05,11.703618730757313,9475.0,4.6,176.24604669463616
LPHEW01833,EliteBook 650 G9,Intel i5-1245U,,16.0,256GB,1103.9599990845,19.444664073701322,13481.0,10.6,176.1355854363069
LPLGE00024OB,Gram,Intel i7-1260P,Intel Iris Xe ,16.0,512GB,1355.5400015259,23.85591769814244,17231.0,12.1,175.98829744078662
LPDYA00003,C50-J,Intel Core i5-1135G7,Integrated GPU,8.0,256GB,929.0,16.210604653489806,9891.0,10.6,174.49520617319487
LPMSI00535,Stealth 17,Intel i9-13900H,GeForce RTX 4090,64.0,2TB,4399.0,76.74359944507503,29687.0,72.6,174.4569207662538
LPASU00768,Zenbook Pro 16X OLED,Intel i9-13905H,GeForce RTX 4080,32.0,1TB,4199.0,73.16660196909915,31603.0,64.9,174.24768270802366
LPLEN03474,ThinkPad E16,Intel i5-1335U,,16.0,256GB,1299.0,22.550802480634285,16929.0,10.6,173.60125081319697
LPLEN03462,ThinkBook 14s Yoga,Intel Core i5-1335U,,16.0,256GB,1299.0,22.550802480634285,16929.0,10.6,173.60125081319697
LPRAZ00059,Blade 14,AMD Ryzen 9 7940HS,GeForce RTX 4070,16.0,1TB,3649.0,63.16673300214731,30594.0,51.7,173.10696903849632
LPLGE00032,Gram EVO,Intel i7-1360P,Intel Iris Xe,16.0,512GB,1499.0,25.72788858259914,19309.0,12.1,171.63367967044124
LPHEW02083OB,EliteBook 640 G9,Intel i5-1245U,,16.0,512GB,1136.1600006104,19.444664073701322,13481.0,10.6,171.1437127099591
LPLEN02397OB,,Intel i5-1135G7,Intel Iris Xe ,8.0,256GB,949.89,16.210604653489806,9891.0,10.6,170.65770408668166
LPASU00765,Zenbook S 13 OLED EVO,Intel i7-1355U,,16.0,1TB,1299.0,22.110966974758124,15294.0,12.1,170.2152961875144
LPLGE00030OB,Gram,Intel i7-1360P,Intel Iris Xe,16.0,512GB,1519.05,25.72788858259914,19309.0,12.1,169.36828006055853
LPLGE00033OB,Gram EVO,Intel i7-1360P,Intel Iris Xe,16.0,512GB,1519.05,25.72788858259914,19309.0,12.1,169.36828006055853
LPLGE00031OB,Gram EVO,Intel i7-1360P,Intel Iris Xe,16.0,512GB,1519.99,25.72788858259914,19309.0,12.1,169.26353846143158
LPLEN03042OB,ThinkBook 15 G4,Intel Core i7-1255U,,16.0,512GB,1234.05,20.739869916941426,13772.0,12.1,168.0634489440576
LPLEN03502,IdeaPad Slim 3,AMD Ryzen 5 7520U,,16.0,512GB,699.0,11.703618730757313,9475.0,4.6,167.43374435990435
LPMSI00379,Modern 14,Intel Core i7-1195G7,Intel Iris Xe,8.0,512GB,1099.0,18.273336576401277,11034.0,12.1,166.272398329402
LPLEN03522,ThinkBook 15 G4,AMD Ryzen 5 5625U,,16.0,256GB,1299.0,21.572030281141828,15078.0,11.6,166.0664378840787
LPLEN03427,IdeaPad 1 15AMN7,AMD Athlon Gold 7220U,AMD Radeon 610M ,4.0,128GB,449.99,7.4452903521111145,4748.0,4.6,165.4545734818799
LPSAS00152,Galaxy Book3 EVO,Intel i7-13700H,GeForce RTX 4050,16.0,1TB,3269.0,53.98151734185167,27890.0,41.9,165.13159174625778
LPHEW02083,EliteBook 640 G9,Intel i5-1245U,,16.0,512GB,1195.9599990845,19.444664073701322,13481.0,10.6,162.58624108319756
LPACE00948,A317-53-591M,Intel i5-1135G7,Integrated GPU,8.0,512GB,999.0,16.210604653489806,9891.0,10.6,162.26831484974778
LPCNO00054,ThinkPad E15 Gen 2,Intel Core i5-1135G7,Intel Iris Xe ,8.0,256GB,999.0,16.210604653489806,9891.0,10.6,162.26831484974778
LPDYA00005,C50-J,Intel Core i7-1165G7,Integrated GPU,8.0,256GB,1089.0,17.65445111075077,10347.0,12.1,162.1161718158932
LPLEN03497,ThinkPad X1 Carbon,Intel i5-1335U,,16.0,256GB,1399.0,22.550802480634285,16929.0,10.6,161.19229793162464
LPLEN03471,ThinkPad E14,Intel i5-1335U,,16.0,512GB,1399.0,22.550802480634285,16929.0,10.6,161.19229793162464
LPLGE00030,Gram,Intel i7-1360P,Intel Iris Xe,16.0,512GB,1599.0,25.72788858259914,19309.0,12.1,160.89986605753057
LPLGE00033,Gram EVO,Intel i7-1360P,Intel Iris Xe,16.0,512GB,1599.0,25.72788858259914,19309.0,12.1,160.89986605753057
LPLGE00031,Gram EVO,Intel i7-1360P,Intel Iris Xe,16.0,512GB,1599.99,25.72788858259914,19309.0,12.1,160.80030864317362
LPMSI00586,CreatorPro Z16HXStudio,Intel i9-13950HX,NVIDIA RTX A2000,32.0,1TB,3799.0,60.930735930735935,44931.0,29.7,160.3862488305763
LPMSI00577OB,Prestige 13 Evo,Intel i7-1360P,,32.0,1TB,1604.55,25.72788858259914,19309.0,12.1,160.34332730422324
LPLEN03476,14s Yoga G3,Intel Core i7-1355U,,16.0,512GB,1379.9599990845,22.110966974758124,15294.0,12.1,160.22904279419035
LPLEN03042,ThinkBook 15 G4,Intel Core i7-1255U,,16.0,512GB,1299.0,20.739869916941426,13772.0,12.1,159.66027649685472
LPLEN03221,ThinkPad L13 Yoga,Intel Core i7-1255U,,16.0,512GB,1299.0,20.739869916941426,13772.0,12.1,159.66027649685472
LPHEW01997OB,ENVY X360,Intel i7-1250U,,16.0,1TB,1234.05,19.52281858638272,12421.0,12.1,158.20119595140162
LPLEN03709,V15 G4,Intel i7-1355U,,16.0,1TB,1399.0,22.110966974758124,15294.0,12.1,158.0483700840466
LPLEN03710,,Intel i5-10310U,,16.0,512GB,649.0,10.205598297642462,6436.0,6.4,157.25112939356646
LPMSI00532,TITAN GT77,Intel i9-13980HX,GeForce RTX 4080,64.0,2TB,5599.0,87.93247048071112,47994.0,64.9,157.05031341437956
LPMSI00585,CreatorPro Z17HX Studio,Intel i9-13950HX,NVIDIA RTX A3000,32.0,1TB,3999.0,62.58362849271941,44931.0,32.1,156.4981957807437
LPLGE00028OB,Gram EVO,Intel i7-1260P,Intel Iris Xe ,16.0,512GB,1538.89,23.85591769814244,17231.0,12.1,155.02029188663542
LPLEN03711,X1 Carbon,Intel i7-8665U,,16.0,256GB,649.0,10.043444900528794,6256.0,6.4,154.7526178817996
LPASU00649,P1512CEA,Intel Core i5-1135G7,Intel UHD ,8.0,512GB,1049.0,16.210604653489806,9891.0,10.6,154.53388611525074
LPASU00647,P1512CEA,Intel Core i5-1135G7,Intel UHD ,8.0,512GB,1049.0,16.210604653489806,9891.0,10.6,154.53388611525074
LPDYA00004,C50-J,Intel Core i5-1135G7,Integrated GPU,8.0,512GB,1049.0,16.210604653489806,9891.0,10.6,154.53388611525074
LPASU00547OB,Vivobook 13,Intel Pentium Silver N6000,Intel UHD ,4.0,128GB,332.39,5.124330261055057,3089.0,3.4,154.16619817247985
LPMSI00577,Prestige 13 Evo,Intel i7-1360P,,32.0,1TB,1689.0,25.72788858259914,19309.0,12.1,152.32616093901208
LPSAS00158,Galaxy Book3 360 EVO,Intel i5-1335U,,8.0,256GB,1499.0,22.550802480634285,16929.0,10.6,150.43897585479843
LPHEW01997,ENVY X360,Intel i7-1250U,,16.0,1TB,1299.0,19.52281858638272,12421.0,12.1,150.29113615383156
LPLEN03339,ThinkPad T14s Gen 2,AMD Ryzen 5 PRO 5650U,,8.0,256GB,1430.2,21.431497336976648,14922.0,11.6,149.8496527546962
LPMSI00531OB,TITAN GT77,Intel i9-13980HX,GeForce RTX 4090,128.0,4TB,6299.1,93.23550078374141,47994.0,72.6,148.0140032444975
LPLEN03512,ThinkBook 14s Yoga G3,Intel Core i7-1355U,,16.0,512GB,1499.0,22.110966974758124,15294.0,12.1,147.50478302040108
LPLGE00028,Gram EVO,Intel i7-1260P,Intel Iris Xe ,16.0,512GB,1619.88,23.85591769814244,17231.0,12.1,147.26966008681163
LPDYA00006,C50-J,Intel Core i7-1165G7,Integrated,8.0,512GB,1199.0,17.65445111075077,10347.0,12.1,147.24312853003144
LPASU00547,Vivobook 13 Slate Notebook,Intel Pentium Silver N6000,Intel UHD ,4.0,128GB,349.88,5.124330261055057,3089.0,3.4,146.4596507675505
LPRAZ00055,Blade 15,Intel Core i7-12800H,GeForce RTX 3070 Ti,16.0,1TB,3999.0,58.44559366383739,24971.0,52.2,146.150521790041
LPMSI00544,Titan Gaming Notebook,Intel i9-13980HX,GeForce RTX 4090,64.0,2TB,6449.0,93.23550078374141,47994.0,72.6,144.57357851409742
LPDYA00028,Tecra,Intel i5-1240P,,16.0,256GB,1599.0,22.903035693253422,17320.0,10.6,143.23349401659425
LPLEN03546,E14,Intel i7-1355U,,16.0,512GB,1599.0,22.110966974758124,15294.0,12.1,138.27996857259615
LPACE00942,A315-56-54YT,Intel Core i5-1035G1,Integrated Graphic,8.0,256GB,749.0,10.23275415237029,7460.0,5.1,136.61888053898917
LPASU00665,Zenbook Pro,Intel Core i9-12900H,GeForce RTX 3060,32.0,1TB,3999.0,54.62152816399024,28524.0,42.0,136.58796740182606
LPDYA00033,Tecra,Intel i7-1260P,,16.0,256GB,1749.0,23.85591769814244,17231.0,12.1,136.39747111573723
LPDYA00029,Tecra,Intel i7-1260P,,16.0,256GB,1749.99,23.85591769814244,17231.0,12.1,136.32030867686356
LPASU00565,ExpertBook B5,Intel Core i5-1135G7,Intel Iris Xe  G7,16.0,256GB,1199.0,16.210604653489806,9891.0,10.6,135.2010396454529
LPLEN01849OB,ThinkPad X1 Nano EVO,Intel Core i7-1160G7,,16.0,512GB,1234.05,16.59685062068717,9173.0,12.1,134.49090896387645
LPMSI00531,TITAN GT77,Intel i9-13980HX,GeForce RTX 4090,128.0,4TB,6999.0,93.23550078374141,47994.0,72.6,133.21260292004774
LPRAZ00054,Razer Blade 14,AMD Ryzen 9 6900HX,GeForce RTX 3080Ti,16.0,1TB,4499.0,59.40297992975736,24887.0,53.7,132.03596339132554
LPHEW01837,OMEN 16,AMD Ryzen 5 5600H,Radeon ,16.0,1TB,1799.0,23.38724747660874,17093.0,11.6,130.00137563428981
LPLEN02112,ThinkBook 14s Yoga ITL,Intel i5-1135G7,Intel Iris Xe ,8.0,256GB,1249.0,16.210604653489806,9891.0,10.6,129.7886681624484
LPLEN02056,IdeaPad Slim 7i,Intel i5-1135G7,Intel Iris Xe ,8.0,512GB,1259.99,16.210604653489806,9891.0,10.6,128.65661357224903
LPASU00564,ExpertBook B1,Intel Core i7-1165G7,Intel Iris Xe  G7,12.0,512GB,1399.0,17.65445111075077,10347.0,12.1,126.19336033417277
LPASU00562,ExpertBook B1,Intel Core i7-1165G7,Intel Iris Xe  G7,12.0,512GB,1399.0,17.65445111075077,10347.0,12.1,126.19336033417277
LPASU00651,P1512CEA,Intel Core i7-1165G7,Intel Iris Xe ,16.0,1TB,1399.0,17.65445111075077,10347.0,12.1,126.19336033417277
LPASU00650,,Intel Core i7-1165G7,Intel Iris Xe ,16.0,1TB,1399.0,17.65445111075077,10347.0,12.1,126.19336033417277
LPGIG00125,AERO 16 YE4,Intel Core i9-12900H,NVIDIA GeForce RTX 3080 Ti,32.0,2TB,4999.0,62.67937940365967,28524.0,53.7,125.3838355744342
LPHEW02090,ProBook 440,Intel i7-1355U,,16.0,512GB,1799.0,22.110966974758124,15294.0,12.1,122.9069870748089
LPASU00592,Vivobook 15,AMD Ryzen 3 3250U,AMD Radeon ,8.0,128GB,499.0,6.0209946212422745,3855.0,3.7,120.6612148545546
LPASU00743,Zenbook S 13 Flip,Intel i7-1260P,,16.0,1TB,1999.0,23.85591769814244,17231.0,12.1,119.3392581197721
LPASU00623,,AMD Ryzen 9 6900HX,NVIDIA GeForce RTX 3080 Ti,64.0,1TB,4999.0,59.40297992975736,24887.0,53.7,118.82972580467566
LPLEN03517OB,ThinkPad X1 Carbon EVO,Intel i7-1365U,,32.0,512GB,1899.05,22.25240077112949,15451.0,12.1,117.17648703893785
LPSAS00157,Galaxy Book3 360 EVO,Intel i7-1355U,,16.0,512GB,1899.0,22.110966974758124,15294.0,12.1,116.43479186286531
LPMSI00528,CreatorPro,Intel i7-12700H,RTX A3000,32.0,1TB,3999.0,45.91155671281562,26424.0,32.1,114.80759368045915
LPLEN01757,ThinkBook 15 G2 ITL,Intel Core i7-1165G7 Quad-core (4 Core) 2.80 GHz,Intel UHD ,16.0,512 GB,1549.0,17.65445111075077,10347.0,12.1,113.97321569238716
LPLGE00035,Gram,Intel i7-1360P,Intel Iris Xe,16.0,512GB,2299.99,25.72788858259914,19309.0,12.1,111.86087149335059
LPLEN03517,ThinkPad X1 Carbon EVO,Intel i7-1365U,,32.0,512GB,1999.0,22.25240077112949,15451.0,12.1,111.31766268699096
LPLEN03307,ThinkPad T14 Gen 2,Intel Core i5-1135G7,MX450 2GB,16.0,256GB,1599.0,17.588015121809363,9891.0,12.6,109.99384066172209
LPLEN02684OB,20UB0067US,Intel Core i5-10210U,,16.0,256 GB,931.92000068665,10.018221038755556,6228.0,6.4,107.5008695099795
LPMSI00527,CreatorPro,Intel i7-12700H,NVIDIA RTX A5500,32.0,1TB,5299.0,56.65535836570819,26424.0,47.7,106.91707560994185
LPSAS00156,Galaxy Book3 Pro 360 EVO,Intel i7-1360P,,16.0,1TB,2499.0,25.72788858259914,19309.0,12.1,102.95273542456638
LPLEN02684,ThinkPad X1 Yoga Gen 5,Intel Core i5-10210U,,16.0,256GB,980.95999992371,10.018221038755556,6228.0,6.4,102.12670281698215
LPSAS00116,Galaxy Book Pro,Intel i7-1165G7,Intel Iris Xe ,8.0,256GB,1730.0,17.65445111075077,10347.0,12.1,102.04885035116052
LPSAS00112,Galaxy Book Pro,Intel i7-1165G7,Iris Xe ,8.0,512GB,1730.0,17.65445111075077,10347.0,12.1,102.04885035116052
LPLEN03138,Business Notebook,Intel i5-1145G7,Intel Iris Xe,16.0,512GB,1599.88,16.281771977778583,9970.0,10.6,101.76870751417968
LPSAS00113,Galaxy Book Pro,Intel i5-1135G7,Intel Iris Xe ,8.0,512GB,1600.0,16.210604653489806,9891.0,10.6,101.31627908431128
LPSAS00114,Galaxy Book Pro,Intel i5-1135G7,Iris Xe ,8.0,256GB,1600.0,16.210604653489806,9891.0,10.6,101.31627908431128
LPLEN03526,,Intel i5-1335U,,16.0,512GB,2249.42,22.550802480634285,16929.0,10.6,100.25163144559168
LPASU00591OB,L510MA-DS09-CA,Intel Celeron N4020,Intel UHD  600,4.0,64GB,246.05,2.434783884066724,1556.0,1.5,98.95484186412209
LPLEN01858,20TA0025US,Intel Core i7 i7-1165G7,,8.0,512 GB,1805.7,17.65445111075077,10347.0,12.1,97.7706768053983
LPLEN03308,ThinkPad T14 Gen 2,Intel Core i5-1135G7,MX450 2GB,16.0,256GB + 512GB,1799.0,17.588015121809363,9891.0,12.6,97.76550929299256
LPLEN02741,20W400K3US,Intel i5-1145G7,Intel Iris Xe,16.0,512GB,1720.9,16.281771977778583,9970.0,10.6,94.61195872960998
LPSAS00111,Galaxy Book Pro,Intel i7-1165G7,Iris Xe ,8.0,512GB,1870.0,17.65445111075077,10347.0,12.1,94.40882946925545
LPASU00591,Vivobook Go,Intel Celeron N4020,Intel UHD  600,4.0,64GB,259.0,2.434783884066724,1556.0,1.5,94.00709977091599
LPSAS00115,Galaxy Book Pro,Intel i5-1135G7,Intel Iris Xe ,8.0,512GB,1730.0,16.210604653489806,9891.0,10.6,93.70291707219539
LPASU00762OB,Vivobook Slate,Intel Pentium Silver Processor N6000,Intel UHD ,8.0,128GB,569.05,5.124330261055057,3089.0,3.4,90.05061525446021
LPLEN03465,ThinkPad X1 Yoga EVO,Intel i5-1335U,,16.0,256GB,2534.06,22.550802480634285,16929.0,10.6,88.99079927323854
LPASU00590OB,Vivobook 14 Flip,Intel Celeron N4500,Intel UHD ,4.0,128GB,474.05,4.146004765135918,2003.0,3.4,87.45922930357382
LPASU00762,Vivobook Slate,Intel Pentium Silver Processor N6000,Intel UHD ,8.0,128GB,599.0,5.124330261055057,3089.0,3.4,85.54808449173719
LPASU00590,Vivobook 14 Flip Notebook,Intel Celeron N4500,Intel UHD ,4.0,128GB,499.0,4.146004765135918,2003.0,3.4,83.08626783839513
LPLEN02071,ThinkPad X13 Yoga Gen 2,Intel Core i5 (11th Gen) i5-1135G7 Quad-core,Intel Iris Xe ,8.0,256 GB,2019.0,16.210604653489806,9891.0,10.6,80.29026574289155
LPLEN03478,ThinkPad X1 Yoga Gen 8,Intel i7-1355U,,16.0,512 GB,2884.39,22.110966974758124,15294.0,12.1,76.65734167279086
LPLEN01870,20UN000AUS,Intel Core i7-1160G7 EVO Quad-core,Intel Iris Xe ,16.0,256 GB,2399.88,16.59685062068717,9173.0,12.1,69.15700210296835
LPLEN03495,ThinkPad X13 Yoga,Intel i5-10310U,,16.0,256GB,1499.0,10.205598297642462,6436.0,6.4,68.0827104579217
LPASU00810,Chromebook Flip C434,Intel m3-8100Y,,4.0,64GB Flash Memory,699.0,4.65786749967949,2877.0,3.0,66.636158793698
LPASU00227,Chromebook Flip C434,Intel m3-8100Y,,4.0,64GB Flash Memory,699.0,4.65786749967949,2877.0,3.0,66.636158793698
LPLEN02299,ThinkPad X13 Yoga Gen 2,Intel Core i7 (11th Gen) i7-1165G7 Quad-core,Intel Iris Xe ,16.0,256GB,2892.49,17.65445111075077,10347.0,12.1,61.0354784657882
